,humidity,temp,winddir,sealevelpressure,precip
0,66.1,18.5,354.3,1015.6,0.0
1,65.3,19.0,341.6,1014.9,0.0
2,69.2,19.2,6.7,1013.6,0.0
3,68.8,21.0,353.8,1014.0,0.0
4,68.7,21.9,351.9,1014.1,0.0
5,69.1,22.7,20.1,1012.0,0.0
6,66.1,24.6,293.3,1011.0,0.0
7,67.6,23.8,0.4,1011.2,0.0
8,66.6,23.7,21.6,1011.4,0.0
9,66.9,24.7,287.4,1011.1,0.0
10,73.4,23.8,359.3,1012.5,0.0
11,74.4,21.5,19.2,1013.3,0.0
12,73.2,19.1,20.5,1013.8,0.0
13,71.0,19.4,36.0,1013.6,0.0
14,72.0,18.5,19.9,1012.1,0.0
15,78.2,17.6,14.6,1011.4,0.0
16,77.5,17.6,4.4,1014.6,0.0
17,78.7,18.3,3.2,1014.1,0.0
18,81.3,19.6,178.7,1011.7,0.0
19,83.1,22.0,302.6,1010.8,0.0
20,65.1,20.6,359.1,1012.1,0.0
21,66.4,19.7,358.3,1013.3,0.0
22,79.1,17.7,349.9,1012.8,0.0
23,80.0,18.8,96.2,1013.3,0.0
24,77.6,20.7,27.6,1014.2,0.0
25,81.9,18.2,2.9,1014.4,0.0
26,70.1,17.8,353.9,1014.8,0.0
27,68.5,17.4,352.9,1015.6,0.0
28,69.2,18.7,348.8,1014.6,0.0
29,65.7,18.4,350.3,1014.4,0.0
30,66.6,17.0,346.5,1016.2,0.0
31,63.1,17.1,338.2,1017.4,0.0
32,59.4,18.1,343.4,1017.0,0.0
33,61.5,18.3,349.8,1015.8,0.0
34,60.0,19.8,4.7,1015.4,0.0
35,59.8,21.2,353.5,1014.0,0.0
36,60.9,21.3,352.9,1013.4,0.0
37,65.4,20.6,346.5,1014.8,0.324
38,62.1,19.9,338.8,1015.0,0.0
39,59.3,20.5,352.8,1014.0,0.0
40,61.7,21.2,44.0,1012.3,0.0
41,66.4,22.2,319.2,1012.9,0.0
42,61.6,23.2,348.5,1013.9,0.0
43,70.9,22.8,209.6,1013.8,0.0
44,73.6,24.1,220.0,1012.7,0.0
45,70.8,24.2,3.7,1011.5,0.0
46,70.1,24.5,255.7,1011.5,0.0
47,75.2,22.7,326.6,1012.9,0.0
48,63.6,23.6,357.3,1014.2,0.0
49,64.2,24.4,11.4,1015.6,0.0
50,68.1,23.7,4.8,1016.7,0.0
51,58.3,24.0,3.5,1015.6,0.0
52,60.7,24.2,38.5,1013.6,0.0
53,59.8,25.5,251.7,1011.4,0.0
54,66.9,26.1,314.5,1009.6,0.0
55,53.9,27.3,231.1,1008.4,0.0
56,61.3,27.7,238.1,1006.4,0.0
57,49.6,28.3,299.8,1006.5,0.0
58,57.4,28.9,228.4,1007.7,0.0
59,66.6,28.1,221.5,1010.7,0.0
60,73.2,27.7,155.3,1011.3,0.0
61,53.5,26.8,345.6,1011.0,0.0
62,56.7,26.7,228.3,1011.0,0.0
63,71.9,27.5,194.2,1009.7,0.0
64,57.3,28.4,233.4,1009.2,0.0
65,65.8,27.4,138.1,1010.8,0.0
66,72.5,27.8,187.9,1011.6,0.0
67,77.6,27.2,197.2,1010.9,0.0
68,81.9,26.9,177.4,1011.1,0.0
69,81.8,27.5,149.4,1012.3,0.0
70,79.4,27.6,105.9,1013.8,0.0
71,73.2,25.9,330.5,1013.6,0.0
72,62.7,25.7,352.6,1011.4,0.0
73,56.9,28.2,270.8,1010.1,0.0
74,55.8,28.7,309.1,1009.7,0.0
75,48.2,29.4,316.9,1009.2,0.0
76,49.7,29.2,340.7,1009.1,0.0
77,45.8,29.6,346.3,1008.3,0.0
78,50.1,30.2,322.4,1006.6,0.0
79,59.3,30.3,125.8,1007.1,0.0
80,57.6,30.7,31.0,1009.5,0.0
81,56.0,30.7,190.4,1010.3,0.0
82,57.3,30.7,14.8,1009.0,0.0
83,43.2,31.2,353.2,1008.7,0.0
84,41.1,30.8,198.7,1008.9,0.0
85,48.9,30.0,16.4,1008.0,0.0
86,66.3,30.0,168.1,1006.4,0.0
87,75.5,29.9,199.6,1004.2,0.0
88,74.4,31.3,209.7,999.4,0.0
89,61.7,32.3,229.1,997.7,0.0
90,65.6,31.2,177.0,1000.9,0.0
91,68.5,30.4,155.0,1004.5,0.0
92,70.3,30.6,200.4,1006.4,0.0
93,63.8,29.9,62.7,1007.5,0.081
94,64.7,28.1,147.4,1009.1,27.121
95,65.2,29.8,195.9,1008.6,0.0
96,73.5,29.3,178.7,1008.7,0.0
97,77.1,29.6,205.9,1007.0,0.0
98,73.9,30.0,194.3,1008.1,0.0
99,73.5,30.5,214.7,1009.4,0.0
100,62.4,31.0,216.3,1010.2,0.0
101,63.0,31.3,223.2,1010.2,0.0
102,67.6,31.2,215.8,1009.0,0.0
103,69.2,31.4,214.5,1007.7,0.0
104,70.0,31.1,200.7,1006.6,0.0
105,67.3,30.7,202.6,1006.7,0.0
106,72.4,28.9,160.1,1009.1,0.218
107,70.6,29.4,212.8,1008.5,0.0
108,55.3,31.4,251.1,1006.1,0.0
109,71.6,31.6,212.9,1006.0,0.0
110,71.2,31.1,215.6,1007.4,8.919
111,78.4,27.7,343.8,1008.5,0.0
112,58.4,30.5,307.5,1008.1,0.0
113,52.0,32.3,211.8,1006.5,0.0
114,54.4,33.1,197.6,1005.9,0.0
115,59.2,32.7,203.6,1005.3,0.0
116,70.5,32.1,202.6,1006.1,0.0
117,74.6,31.4,182.8,1007.9,0.0
118,64.5,31.1,192.1,1008.3,0.0
119,60.4,31.0,202.0,1007.5,0.0
120,54.4,30.9,193.0,1007.7,0.0
121,74.0,29.1,179.9,1008.0,0.98
122,66.7,28.6,245.2,1006.9,1.624
123,84.5,25.3,74.5,1008.1,21.418
124,82.2,26.6,187.9,1008.3,0.732
125,74.2,28.6,183.8,1009.2,10.517
126,74.2,28.7,171.6,1009.9,0.405
127,69.7,30.0,131.5,1008.5,0.0
128,81.4,28.3,209.0,1007.2,29.28
129,81.7,28.4,173.9,1005.9,0.0
130,89.1,26.9,104.4,1005.4,99.825
131,84.7,27.1,242.6,1004.2,11.081
132,81.5,27.7,257.6,1003.6,0.895
133,75.5,30.1,213.2,1003.0,0.0
134,74.7,31.9,195.1,1004.3,0.0
135,77.0,31.8,189.7,1005.4,0.0
136,74.6,32.5,205.1,1005.2,0.0
137,76.5,32.5,219.9,1004.7,0.187
138,76.8,31.8,213.0,1004.1,1.622
139,74.6,32.6,192.7,1004.3,0.0
140,70.4,32.8,196.4,1004.0,0.0
141,79.3,31.7,231.0,1002.3,1.062
142,73.3,32.9,1.4,1001.7,0.0
143,88.8,29.0,7.6,1000.9,32.977
144,90.4,27.8,34.5,996.6,5.784
145,91.6,27.1,80.3,992.1,33.079
146,91.4,28.1,150.6,997.3,92.981
147,82.9,30.7,157.9,1003.6,0.0
148,81.5,30.7,162.5,1004.9,0.0
149,84.2,31.1,171.2,1003.2,0.0
150,91.5,27.6,169.2,1001.5,10.528
151,83.8,30.2,208.7,1002.6,1.059
152,78.5,29.4,175.9,1004.5,0.0
153,76.1,31.6,194.4,1005.5,0.0
154,72.3,32.2,191.7,1005.1,0.0
155,73.0,31.2,213.7,1004.2,0.697
156,73.5,30.4,202.0,1003.4,1.622
157,77.5,30.3,201.0,1001.9,16.921
158,76.0,30.4,171.5,1001.0,0.441
159,79.1,29.4,141.6,999.9,0.118
160,81.4,29.5,112.3,998.1,0.024
161,87.6,28.7,16.5,996.3,16.253
162,87.5,29.2,91.0,997.2,0.521
163,90.7,29.6,98.2,997.0,25.906
164,91.3,30.0,139.5,995.7,11.409
165,92.6,28.4,152.0,995.1,4.188
166,94.0,27.7,230.0,996.6,40.231
167,95.6,26.2,142.9,998.7,156.927
168,93.0,27.6,153.0,1000.8,16.958
169,95.7,26.1,163.1,1002.3,12.283
170,96.0,27.7,189.5,1002.3,9.952
171,90.6,29.5,186.2,1001.9,5.442
172,89.0,29.0,175.8,1001.9,5.118
173,92.1,29.6,154.6,1002.5,2.744
174,84.8,31.2,172.7,1001.5,0.0
175,81.8,31.3,167.3,1000.0,0.012
176,85.2,31.3,160.6,1002.2,4.877
177,89.7,30.3,157.8,1005.1,6.619
178,83.3,31.0,192.3,1004.7,2.479
179,86.0,30.9,198.9,1002.5,0.001
180,86.0,31.0,198.0,1000.4,11.461
181,92.2,28.0,198.1,999.5,9.31
182,88.8,28.7,205.0,1000.7,18.255
183,84.7,30.8,185.3,1001.4,6.499
184,87.2,29.7,182.7,1002.8,13.597
185,81.8,31.4,168.6,1002.5,0.0
186,87.6,30.8,186.0,1001.1,2.837
187,86.4,29.7,209.7,1000.8,82.064
188,91.6,28.9,136.9,1000.9,20.279
189,81.4,31.0,134.0,1000.3,0.001
190,80.9,31.2,128.0,1000.7,0.007
191,79.8,31.4,114.4,1002.6,2.517
192,82.0,30.8,135.4,1003.7,0.523
193,82.2,30.3,141.4,1003.3,7.371
194,81.3,30.5,152.7,1003.6,0.344
195,77.1,31.6,163.0,1004.7,0.0
196,77.3,31.6,195.4,1005.6,0.487
197,83.3,30.3,183.0,1004.4,0.001
198,78.3,31.5,190.9,1002.0,0.0
199,84.9,30.6,192.0,1000.1,0.386
200,88.3,29.1,240.3,999.5,0.903
201,84.2,30.2,100.8,997.3,2.026
202,83.7,29.9,66.6,994.8,0.677
203,89.9,28.9,95.0,994.0,19.919
204,92.3,28.5,133.8,998.0,35.579
205,85.9,30.4,130.1,998.8,0.42
206,85.4,30.6,256.0,997.0,13.797
207,89.3,29.6,269.4,994.7,1.682
208,89.4,28.9,299.5,993.1,54.856
209,92.0,27.7,267.6,992.0,140.95
210,90.8,28.7,184.6,996.7,12.322
211,86.3,29.5,174.4,999.6,0.811
212,82.6,30.7,188.0,999.2,0.0
213,82.6,31.0,212.6,999.6,0.0
214,86.6,29.7,214.7,1000.3,32.721
215,91.3,28.7,301.0,1000.4,20.864
216,87.2,30.0,245.9,999.2,1.262
217,84.2,30.0,179.8,999.5,16.219
218,89.9,29.3,184.4,1001.9,2.658
219,90.9,28.8,194.0,1004.3,18.879
220,84.5,30.8,195.0,1004.2,0.0
221,84.7,31.2,203.0,1001.3,7.548
222,82.3,31.8,183.0,1001.2,0.0
223,90.3,30.1,184.4,1003.0,16.366
224,89.6,29.9,185.4,1002.2,0.0
225,86.8,30.7,193.2,1000.6,0.695
226,77.8,31.8,162.5,1001.4,0.0
227,87.0,30.5,143.7,1003.8,0.73
228,88.8,29.2,148.6,1003.9,1.59
229,90.1,28.8,171.0,1002.6,6.265
230,91.3,28.3,167.0,1003.3,3.908
231,91.9,28.0,152.6,1006.1,0.92
232,88.1,29.4,166.1,1007.7,2.435
233,77.5,31.2,207.7,1006.1,0.0
234,79.6,31.8,213.1,1004.4,0.081
235,80.1,31.4,211.1,1003.0,0.048
236,83.3,30.9,211.9,1000.6,0.811
237,87.7,29.3,188.0,1000.3,26.304
238,91.8,28.4,81.3,1001.8,12.575
239,86.8,29.6,101.2,1001.3,8.314
240,88.9,29.3,137.5,1002.4,0.782
241,85.6,29.6,142.6,1005.4,18.103
242,85.1,30.3,170.4,1007.4,1.626
243,80.9,30.8,203.6,1007.0,0.0
244,79.5,30.7,202.5,1005.4,1.064
245,80.0,31.1,155.9,1003.6,0.162
246,79.8,31.4,163.3,1002.2,0.538
247,79.8,31.6,115.6,1002.1,0.012
248,86.2,29.6,96.5,1003.0,5.796
249,91.8,27.4,123.7,1006.0,44.902
250,86.3,29.2,164.2,1005.6,0.087
251,83.5,30.0,139.7,1004.1,0.169
252,81.3,30.5,36.6,1002.8,1.404
253,87.7,29.0,92.3,1001.8,12.249
254,84.6,29.7,73.6,998.3,3.4
255,89.3,28.5,101.7,998.5,13.229
256,92.3,26.6,126.6,1003.0,60.23
257,89.6,28.1,135.1,1005.4,49.896
258,87.9,29.4,140.0,1004.3,3.575
259,87.2,29.5,142.6,1003.6,33.329
260,91.1,28.1,167.4,1005.2,16.563
261,88.6,28.8,234.3,1006.6,1.972
262,94.5,26.3,127.5,1004.4,150.464
263,90.9,27.3,122.5,1003.7,16.157
264,91.4,27.7,119.9,1003.4,16.995
265,88.2,29.2,136.1,1005.7,13.784
266,80.2,30.5,144.8,1006.0,0.0
267,88.4,29.8,30.5,1004.5,0.09
268,88.7,29.1,110.3,1003.8,10.189
269,85.6,29.6,153.7,1004.3,0.718
270,89.7,27.5,78.6,1004.8,4.076
271,92.3,26.5,132.2,1006.5,85.463
272,88.3,28.7,153.6,1008.2,5.728
273,82.6,30.2,170.2,1008.2,1.771
274,81.3,30.6,193.5,1007.3,0.0
275,85.9,30.6,209.7,1005.6,0.813
276,83.1,30.4,216.8,1005.6,0.002
277,86.7,29.9,204.6,1007.3,0.723
278,86.0,29.5,187.0,1006.5,2.302
279,86.1,29.6,195.0,1004.9,0.133
280,80.4,30.9,184.7,1004.0,0.081
281,83.5,30.7,329.5,1004.3,1.852
282,83.9,30.3,15.5,1004.9,0.42
283,76.7,31.0,350.5,1004.0,0.0
284,78.6,30.8,336.0,1003.3,0.0
285,86.0,30.5,355.2,1003.2,0.006
286,84.4,30.1,355.1,1003.2,8.919
287,83.0,30.6,348.3,1002.1,18.747
288,85.7,29.4,80.1,1003.8,6.301
289,90.3,27.9,68.3,1004.4,8.565
290,93.7,26.7,130.7,1004.6,40.448
291,91.9,26.6,154.2,1008.6,13.542
292,90.9,28.2,183.0,1009.5,2.638
293,77.3,28.8,294.6,1009.7,0.708
294,74.1,29.5,285.5,1010.3,0.0
295,76.2,28.7,359.8,1011.7,0.0
296,81.8,28.2,27.3,1011.9,1.9
297,81.3,28.2,43.2,1010.9,5.676
298,79.6,28.5,30.6,1010.2,0.0
299,83.4,28.5,50.0,1011.0,0.0
300,83.4,28.3,36.9,1011.8,8.253
301,75.9,28.4,355.0,1012.7,0.0
302,68.0,27.7,347.9,1013.0,0.0
303,66.1,26.8,4.0,1012.8,0.0
304,67.3,26.4,16.2,1013.2,0.0
305,67.6,26.4,2.0,1013.5,0.0
306,66.7,26.7,357.1,1012.7,0.0
307,67.9,26.4,344.4,1012.2,0.0
308,69.6,25.3,353.4,1011.5,0.0
309,65.8,24.9,338.1,1010.0,0.0
310,64.0,25.1,350.9,1009.9,0.0
311,65.8,24.9,349.9,1010.6,0.0
312,69.6,25.3,346.7,1011.4,0.0
313,69.6,25.9,8.6,1011.1,0.0
314,70.4,26.6,13.5,1011.0,0.0
315,73.9,26.8,37.2,1011.6,0.0
316,81.2,25.3,37.5,1011.9,0.432
317,84.6,23.9,40.3,1011.3,0.002
318,88.1,22.7,35.0,1010.1,0.334
319,77.5,24.9,18.2,1010.9,0.0
320,70.9,24.3,5.7,1012.8,0.0
321,70.7,24.1,1.1,1011.2,0.0
322,69.6,25.1,19.8,1009.4,0.0
323,72.0,26.0,13.9,1009.4,0.0
324,72.8,26.4,353.3,1010.6,0.0
325,73.1,27.0,152.1,1010.5,0.0
326,75.2,26.9,354.9,1010.5,0.0
327,64.8,25.3,10.3,1012.1,0.0
328,70.5,24.6,29.2,1012.5,0.0
329,70.6,23.9,27.1,1012.9,0.0
330,71.8,23.1,347.8,1013.8,0.0
331,73.2,23.1,342.9,1014.3,0.0
332,69.1,23.2,0.1,1014.2,0.0
333,70.2,23.3,359.6,1013.9,0.0
334,70.2,23.3,351.9,1013.4,0.0
335,69.7,23.8,349.4,1013.1,0.0
336,73.9,23.6,26.9,1014.1,0.0
337,86.2,22.2,17.5,1014.1,1.732
338,90.4,21.7,35.8,1013.7,31.051
339,92.2,22.2,33.2,1011.2,63.257
340,89.8,23.1,347.5,1013.0,0.0
341,86.5,23.2,29.3,1015.1,0.005
342,84.6,23.0,13.0,1016.9,2.61
343,78.7,23.1,5.9,1016.4,0.0
344,80.3,23.2,16.0,1016.4,0.0
345,74.5,21.5,8.0,1017.4,0.0
346,69.4,20.8,352.9,1016.2,0.0
347,71.0,20.4,347.4,1015.0,0.0
348,70.1,20.0,328.7,1014.7,0.0
349,77.4,19.5,329.8,1015.4,0.0
350,70.8,19.8,334.3,1015.1,0.0
351,77.9,19.9,345.2,1014.6,0.0
352,66.9,18.4,333.4,1016.2,0.0
353,58.2,17.0,315.7,1016.1,0.0
354,71.8,17.6,288.1,1014.4,0.0
355,73.5,19.0,299.7,1012.9,0.0
356,77.5,18.9,328.3,1013.2,0.0
357,78.0,19.6,30.1,1013.6,0.0
358,77.9,20.2,88.0,1014.2,0.0
359,82.0,21.0,73.0,1015.9,0.0
360,83.5,21.3,35.7,1017.0,0.0
361,79.9,21.1,49.0,1016.4,0.0
362,81.4,20.7,36.9,1016.5,0.0
363,88.3,19.4,344.7,1018.9,0.988
364,82.2,19.7,350.6,1019.4,0.0
365,79.3,19.1,343.4,1018.6,0.0
366,82.3,17.9,336.3,1017.3,0.0
367,77.6,18.4,352.0,1015.9,0.0
368,78.0,17.6,357.8,1016.6,0.0
369,75.7,17.9,345.0,1015.8,0.0
370,73.7,19.1,345.5,1015.2,0.0
371,77.5,20.2,358.4,1015.9,0.0
372,73.4,21.3,7.8,1015.7,0.0
373,79.6,21.4,25.9,1013.7,0.0
374,79.6,21.6,17.2,1014.5,0.0
375,82.6,22.2,346.9,1014.5,11.491
376,89.1,19.5,351.0,1014.4,0.006
377,87.2,20.7,351.1,1014.9,0.487
378,86.2,18.9,19.6,1015.4,0.54
379,81.9,19.2,351.2,1015.5,0.002
380,76.0,18.3,341.8,1017.2,0.0
381,78.3,17.9,331.2,1017.6,0.0
382,75.4,18.2,318.4,1015.1,0.0
383,78.7,18.2,322.0,1013.0,0.0
384,74.2,17.7,336.0,1011.2,0.0
385,83.2,19.4,44.9,1010.8,0.0
386,88.2,19.8,82.0,1009.6,1.004
387,91.5,19.2,46.8,1010.4,4.884
388,86.0,18.8,51.3,1010.5,0.0
389,87.0,20.8,225.4,1011.1,0.0
390,82.1,20.7,350.6,1011.9,0.012
391,74.9,19.6,358.0,1013.5,0.0
392,67.6,16.9,340.6,1015.5,0.0
393,70.4,16.6,343.9,1015.1,0.0
394,67.8,17.7,270.3,1012.3,0.0
395,77.4,19.9,188.1,1011.2,0.0
396,74.1,21.1,256.7,1009.4,0.0
397,74.9,21.9,145.5,1011.6,0.0
398,83.2,22.8,190.1,1011.3,0.0
399,92.3,19.3,97.7,1009.1,27.562
400,74.2,19.3,315.2,1011.5,0.0
401,69.8,18.1,326.5,1015.4,0.0
402,75.2,19.0,341.0,1014.8,0.0
403,78.3,20.2,27.2,1013.7,0.0
404,82.6,21.4,138.9,1014.0,0.0
405,90.6,20.4,81.5,1013.2,0.162
406,81.9,20.1,349.6,1013.5,0.0
407,65.1,19.3,343.8,1013.8,0.0
408,64.8,19.5,344.3,1012.4,0.0
409,61.6,20.0,348.6,1012.0,0.0
410,65.1,20.0,344.2,1011.2,0.0
411,65.1,20.5,340.4,1009.5,0.0
412,66.2,21.7,347.9,1009.4,0.0
413,62.5,21.9,10.0,1011.2,0.0
414,60.8,22.0,331.6,1011.4,0.0
415,82.4,22.5,205.0,1007.7,0.0
416,66.8,22.6,233.1,1008.4,0.0
417,75.7,23.4,174.2,1012.6,0.0
418,75.9,23.7,271.9,1015.2,0.0
419,81.7,24.3,179.2,1014.9,0.0
420,79.9,22.7,349.8,1014.9,0.981
421,68.2,24.8,13.2,1015.7,0.0
422,78.9,24.5,229.4,1014.5,2.507
423,71.1,25.3,303.0,1013.5,0.0
424,67.4,25.3,51.1,1014.4,0.0
425,65.6,25.5,28.8,1013.8,0.0
426,68.9,25.2,356.9,1013.6,0.0
427,64.6,25.8,340.0,1012.6,0.0
428,65.1,26.5,280.4,1010.9,0.0
429,56.7,26.4,11.5,1011.5,0.0
430,59.5,25.8,324.5,1011.6,0.0
431,59.6,26.2,319.1,1010.2,0.0
432,56.5,26.5,330.4,1010.4,0.0
433,55.6,26.6,318.1,1009.9,0.0
434,54.7,26.8,322.0,1009.4,0.0
435,55.5,26.7,333.5,1008.9,0.0
436,54.6,26.8,332.0,1009.1,0.0
437,52.5,27.4,319.1,1008.7,0.0
438,46.9,29.1,260.5,1006.5,0.0
439,45.6,30.0,198.9,1005.1,0.0
440,61.5,29.0,171.9,1006.2,0.0
441,59.3,29.2,202.4,1006.9,0.0
442,47.1,29.4,209.3,1005.3,0.0
443,65.4,28.9,187.9,1004.5,0.0
444,74.0,29.1,188.0,1005.1,0.0
445,74.1,29.5,195.8,1005.6,0.0
446,74.0,29.4,205.0,1005.6,0.0
447,76.9,29.1,200.7,1005.2,0.0
448,78.7,29.1,199.0,1005.5,0.0
449,80.2,29.2,192.2,1006.9,0.0
450,75.5,29.7,161.9,1008.3,0.036
451,67.7,30.7,203.2,1007.0,0.0
452,74.9,30.1,182.7,1005.4,0.0
453,79.1,29.5,178.3,1006.3,0.0
454,78.7,29.6,189.1,1006.8,0.0
455,79.4,29.5,191.4,1006.7,0.0
456,77.7,29.4,179.9,1008.3,0.0
457,79.6,29.5,183.0,1007.8,0.0
458,76.3,29.6,199.3,1008.6,0.0
459,75.9,29.1,190.9,1010.7,0.0
460,75.0,29.3,190.9,1010.5,0.0
461,77.4,29.4,183.2,1009.8,0.0
462,74.5,29.4,184.5,1007.8,0.0
463,77.4,29.6,191.1,1006.3,0.0
464,77.8,29.9,189.3,1004.8,0.0
465,77.0,30.3,188.2,1004.0,0.0
466,79.3,29.9,179.0,1004.8,0.0
467,78.8,30.1,187.2,1003.4,0.0
468,79.5,30.6,186.0,1001.8,0.0
469,73.7,31.4,181.3,1001.8,0.0
470,76.6,30.8,180.8,1001.7,0.0
471,76.2,30.3,175.8,1003.2,0.0
472,77.7,30.7,171.0,1005.0,0.0
473,77.5,30.4,175.3,1006.6,0.0
474,76.5,30.5,163.6,1005.9,0.0
475,75.1,30.6,170.3,1006.1,0.0
476,70.7,31.2,178.5,1006.2,0.011
477,65.1,32.3,194.9,1005.7,0.0
478,65.6,33.2,200.4,1003.7,0.0
479,71.0,32.8,183.9,1003.6,0.0
480,74.3,32.5,187.6,1004.3,0.0
481,71.0,32.7,179.9,1004.0,0.0
482,73.6,32.3,185.8,1004.9,0.0
483,71.5,31.9,174.2,1004.5,0.18
484,68.4,29.9,157.3,1004.2,39.052
485,67.7,29.6,157.1,1003.4,2.447
486,74.6,29.0,150.8,1004.0,15.108
487,78.3,27.9,127.7,1005.4,1.714
488,75.5,29.4,108.9,1006.3,0.0
489,73.0,29.8,172.6,1005.6,0.073
490,64.1,30.8,137.1,1005.1,0.0
491,66.9,31.5,167.3,1005.0,0.811
492,66.7,31.6,150.0,1004.5,0.0
493,84.0,27.8,112.9,1004.8,49.6
494,84.2,29.1,126.9,1004.6,31.319
495,85.6,28.6,158.0,1003.9,20.182
496,79.3,30.3,183.0,1002.9,9.666
497,76.1,30.6,197.8,1000.4,20.676
498,77.9,30.4,198.2,1000.9,27.147
499,78.1,31.1,192.2,1002.6,19.46
500,73.8,31.5,182.5,1002.0,0.0
501,73.3,31.9,188.6,1001.8,0.078
502,73.8,32.0,193.2,1002.9,0.0
503,79.6,30.9,188.5,1003.1,0.308
504,74.7,32.2,180.5,1001.2,0.0
505,71.9,30.7,175.0,998.2,25.526
506,70.7,29.2,198.1,997.6,0.0
507,73.7,30.6,132.7,998.9,0.0
508,73.2,31.0,158.6,1002.2,5.408
509,72.2,31.0,213.7,1003.1,2.302
510,72.7,30.1,198.3,1002.1,4.865
511,67.2,31.7,247.1,999.7,0.0
512,69.8,32.4,149.6,999.1,11.147
513,77.4,29.7,90.1,999.9,6.488
514,74.6,31.2,147.6,1000.1,0.0
515,78.9,31.0,133.9,999.6,0.911
516,79.5,30.6,146.5,999.9,0.0
517,76.6,31.2,167.5,1000.1,1.67
518,79.4,30.5,170.6,999.8,0.0
519,76.4,32.1,187.1,1000.8,0.081
520,74.6,32.4,182.9,1001.1,0.0
521,74.3,32.2,184.3,1000.6,0.0
522,73.7,32.4,184.6,999.7,0.0
523,74.9,31.9,179.5,999.1,0.0
524,77.1,31.4,185.3,999.1,1.901
525,75.0,30.0,171.9,1000.0,1.885
526,81.3,30.5,181.2,1000.0,14.595
527,79.2,31.7,175.4,1000.9,0.0
528,75.5,32.5,182.2,1001.9,0.0
529,76.5,31.8,184.7,1001.7,0.0
530,80.2,30.5,206.1,1002.0,43.663
531,77.2,31.4,200.3,1002.7,0.0
532,78.1,30.2,209.9,1003.4,5.759
533,83.0,29.3,211.6,1003.6,6.452
534,79.8,29.8,214.8,1002.5,0.571
535,81.1,29.4,199.1,1000.4,0.0
536,77.5,30.2,174.8,999.5,1.467
537,82.2,29.4,180.4,1002.4,4.081
538,79.7,30.0,167.8,1003.1,0.004
539,83.9,29.0,151.6,1001.6,1.447
540,88.2,27.9,140.5,1000.7,20.194
541,85.2,29.0,150.9,1002.7,12.907
542,76.9,30.7,169.5,1003.8,0.0
543,74.4,30.9,176.1,1002.3,0.053
544,78.8,30.5,167.0,1000.6,0.243
545,84.1,29.5,159.0,1000.0,1.251
546,84.5,29.5,147.4,999.2,0.087
547,83.8,29.4,148.8,997.9,39.544
548,84.8,28.7,146.3,998.6,2.902
549,79.5,30.4,146.2,998.5,0.101
550,81.2,29.8,101.8,998.7,6.523
551,84.6,29.1,124.2,1001.6,22.37
552,78.7,30.4,119.8,1003.1,0.17
553,81.0,30.1,130.3,1001.3,6.086
554,81.5,29.7,120.2,999.4,0.652
555,85.7,28.8,105.4,998.7,12.322
556,82.2,29.4,102.7,999.0,0.628
557,84.2,29.0,105.2,997.6,6.485
558,84.6,29.2,97.4,996.1,8.482
559,84.0,29.3,105.9,996.6,12.41
560,82.4,29.4,108.7,998.6,3.182
561,84.4,29.3,106.9,999.8,13.03
562,83.1,29.5,121.6,1001.8,5.8
563,80.4,29.7,162.1,1002.4,2.015
564,80.0,30.1,189.9,1000.7,0.159
565,79.1,30.2,186.9,1000.8,0.88
566,81.9,29.9,150.4,1001.3,5.686
567,82.9,29.6,127.4,1002.1,3.605
568,86.2,28.3,145.7,1002.6,19.483
569,88.1,27.0,150.1,1004.0,15.695
570,86.7,27.6,137.7,1006.6,10.34
571,80.3,29.1,168.9,1007.6,0.036
572,84.2,28.8,172.1,1006.7,20.29
573,80.2,29.8,192.1,1006.6,4.865
574,79.7,30.5,198.5,1005.4,26.829
575,73.1,31.3,199.3,1003.6,0.0
576,81.9,30.0,188.0,1001.7,2.095
577,79.4,30.3,215.3,1001.9,0.0
578,85.0,29.2,157.5,1001.6,15.096
579,85.2,29.1,140.6,1002.5,1.385
580,80.9,29.6,106.9,1002.6,0.012
581,80.9,29.9,121.0,1000.9,0.0
582,84.9,28.9,84.4,998.7,7.721
583,81.8,29.3,97.6,997.7,5.481
584,83.1,28.7,100.0,996.7,9.012
585,84.8,28.0,111.8,995.6,12.521
586,87.8,27.4,106.3,995.5,8.957
587,89.0,27.2,146.5,999.1,19.221
588,81.2,29.3,161.3,999.6,4.054
589,80.9,29.4,68.1,997.1,0.812
590,88.0,27.3,114.6,998.3,35.455
591,86.2,28.1,150.5,1004.5,8.439
592,75.0,30.6,220.6,1004.7,0.002
593,73.3,31.7,296.4,1002.2,0.0
594,76.4,31.4,345.2,999.0,3.956
595,86.9,27.6,52.2,996.5,24.163
596,86.6,27.6,134.7,999.5,25.694
597,82.2,29.7,134.3,1000.7,0.169
598,79.7,29.8,169.6,1000.5,34.179
599,85.9,28.5,76.4,1002.4,9.362
600,86.7,27.7,136.5,1003.6,7.099
601,77.6,29.4,169.0,1003.6,0.278
602,75.6,30.3,187.0,1002.4,0.0
603,81.1,30.0,192.1,1002.2,39.944
604,80.3,29.5,168.9,1004.4,5.24
605,74.6,30.9,171.2,1007.1,0.0
606,74.9,30.7,193.4,1007.5,0.089
607,74.0,31.3,198.6,1006.1,0.001
608,73.7,31.1,205.7,1006.4,0.018
609,72.1,31.5,205.7,1006.9,0.0
610,75.4,30.3,205.5,1004.2,5.877
611,78.8,29.9,189.5,1003.7,8.678
612,80.8,29.9,185.4,1004.0,6.906
613,82.7,29.0,228.7,1005.2,13.157
614,76.0,31.0,92.5,1005.7,0.0
615,73.5,31.1,111.8,1006.6,5.676
616,78.4,30.0,86.7,1006.0,0.225
617,81.9,29.0,108.5,1004.8,4.318
618,85.6,27.5,121.6,1003.4,23.061
619,91.1,26.0,130.4,1003.1,60.747
620,89.8,26.6,162.8,1005.0,45.917
621,86.5,27.9,175.5,1006.4,0.086
622,86.4,28.5,178.1,1005.3,0.547
623,83.2,28.0,147.9,1002.5,13.511
624,86.3,28.0,159.0,1002.7,0.569
625,79.4,29.4,95.6,1003.0,0.0
626,82.9,28.5,90.7,1003.0,8.722
627,87.0,27.8,100.1,1002.3,9.748
628,82.3,29.1,138.8,1004.4,3.771
629,79.0,29.7,157.0,1005.0,0.012
630,76.6,30.0,162.2,1005.1,0.0
631,75.6,30.1,155.9,1004.9,2.433
632,73.1,30.0,142.4,1005.9,0.0
633,77.3,29.5,140.0,1006.5,0.0
634,75.6,30.0,201.8,1005.4,0.081
635,81.5,29.0,325.6,1004.2,13.108
636,77.2,30.0,57.7,1003.9,0.0
637,78.3,30.1,2.6,1004.0,0.0
638,77.3,30.0,13.4,1002.6,25.257
639,84.2,28.0,41.1,1002.3,0.532
640,84.1,28.2,97.2,1004.0,11.943
641,79.8,29.1,128.8,1007.3,10.72
642,82.9,28.3,124.9,1008.7,6.157
643,80.9,28.2,155.8,1009.6,26.722
644,78.9,29.2,152.7,1009.6,0.993
645,73.6,30.3,167.4,1009.6,0.0
646,74.0,30.1,166.3,1010.7,0.002
647,75.7,29.9,182.7,1011.2,2.3
648,78.8,29.0,184.8,1009.6,2.093
649,80.6,27.9,180.8,1009.5,19.237
650,79.7,28.0,125.9,1009.5,0.936
651,83.3,27.8,44.5,1009.4,21.17
652,74.6,29.1,31.6,1009.0,0.0
653,68.3,28.8,352.8,1010.7,0.0
654,66.8,28.2,349.0,1010.7,0.0
655,72.8,28.3,8.0,1010.1,0.0
656,74.3,27.6,13.3,1010.4,1.771
657,70.6,27.8,354.5,1011.5,0.0
658,70.6,27.9,352.2,1012.3,0.0
659,70.3,28.3,352.6,1011.9,0.0
660,78.1,26.9,24.7,1009.9,0.02
661,88.5,23.3,13.1,1003.4,2.015
662,76.7,25.4,231.5,1008.2,0.0
663,74.2,27.0,148.2,1012.2,0.0
664,70.9,27.4,353.1,1011.8,0.0
665,66.7,26.4,351.6,1011.2,0.0
666,66.2,25.5,323.1,1011.0,0.0
667,67.8,26.2,349.8,1011.1,0.0
668,64.9,27.1,321.1,1011.4,0.0
669,65.6,27.5,343.6,1011.9,0.0
670,60.6,27.4,336.7,1010.8,0.0
671,62.2,25.7,335.0,1011.1,0.0
672,66.4,25.9,313.8,1012.4,0.0
673,68.5,26.0,344.5,1013.7,0.0
674,66.9,26.2,325.4,1013.8,0.0
675,68.6,25.9,304.1,1013.4,0.0
676,69.4,26.3,307.6,1013.3,0.0
677,71.1,25.7,16.1,1013.3,0.0
678,69.2,25.9,11.5,1013.4,0.0
679,65.4,25.7,336.9,1013.3,0.0
680,67.6,25.3,346.5,1013.3,0.0
681,58.9,24.1,352.1,1013.0,0.0
682,58.4,23.2,343.3,1013.5,0.0
683,60.5,23.6,334.2,1012.6,0.0
684,62.3,23.6,351.7,1011.5,0.0
685,64.9,23.9,2.8,1011.4,0.0
686,62.6,23.5,344.5,1012.6,0.0
687,58.1,23.1,352.0,1012.3,0.0
688,64.6,23.5,347.9,1011.1,0.0
689,62.2,24.1,353.0,1010.6,0.0
690,62.8,23.2,346.3,1011.3,0.0
691,63.2,22.7,342.7,1011.7,0.0
692,57.5,22.6,337.0,1011.9,0.0
693,61.9,22.8,343.8,1012.2,0.0
694,63.4,22.9,339.1,1010.7,0.0
695,66.0,22.7,340.2,1009.0,0.0
696,66.6,23.0,0.6,1010.2,0.0
697,64.7,24.1,357.5,1011.6,0.0
698,61.5,25.5,340.8,1012.5,0.0
699,63.3,24.2,330.3,1012.3,0.0
700,62.5,22.5,343.2,1012.2,0.0
701,60.0,21.9,344.8,1012.4,0.0
702,62.5,21.5,346.5,1012.7,0.0
703,65.8,21.6,342.4,1013.3,0.0
704,66.2,21.7,341.9,1012.4,0.0
705,64.6,21.2,340.3,1012.1,0.0
706,68.9,20.6,348.2,1012.5,0.0
707,71.1,21.2,4.7,1012.1,0.0
708,68.6,22.6,359.3,1012.1,0.0
709,64.7,23.3,341.5,1012.5,0.0
710,68.2,22.3,350.9,1012.1,0.0
711,66.2,23.5,276.6,1012.0,0.0
712,66.0,22.5,352.6,1012.7,0.0
713,60.2,21.5,340.6,1012.0,0.0
714,55.6,19.9,339.6,1011.8,0.0
715,59.6,19.1,336.7,1012.8,0.0
716,72.5,20.3,330.2,1012.4,0.0
717,72.3,21.6,325.2,1011.4,0.0
718,71.9,21.1,346.5,1011.3,0.0
719,73.0,21.0,348.7,1012.0,0.0
720,71.3,21.2,351.3,1011.8,0.0
721,65.3,21.6,2.0,1012.1,0.0
722,67.0,22.1,6.5,1012.4,0.0
723,72.6,23.8,178.5,1013.0,0.0
724,75.0,25.2,215.4,1014.7,0.0
725,80.1,24.9,256.6,1013.7,0.002
726,76.6,22.7,9.0,1015.1,0.0
727,60.6,20.0,10.6,1017.0,0.0
728,67.4,20.2,334.7,1017.5,0.0
729,74.5,21.1,93.5,1016.4,0.0
730,78.6,21.3,58.9,1017.3,0.0
731,74.7,20.9,25.4,1018.1,0.0
732,84.3,18.2,359.6,1018.5,0.0
733,83.4,17.7,9.2,1018.4,0.0
734,79.5,17.6,346.9,1019.0,0.0
735,73.9,17.8,335.7,1018.6,0.0
736,78.3,16.9,338.7,1016.5,0.0
737,76.5,18.2,357.7,1015.7,0.0
738,73.3,19.7,356.1,1016.7,0.0
739,59.4,20.2,344.3,1015.5,0.0
740,62.7,19.4,344.3,1013.8,0.0
741,63.2,19.7,325.3,1012.4,0.0
742,76.0,22.4,199.2,1012.5,0.0
743,80.2,24.1,207.6,1011.9,0.0
744,78.8,22.5,33.6,1012.1,0.0
745,72.4,20.2,17.2,1014.1,0.0
746,73.8,19.4,39.8,1014.7,0.0
747,71.9,20.1,41.9,1016.7,0.012
748,69.7,19.6,7.2,1017.0,0.0
749,68.2,19.5,359.4,1016.1,0.0
750,68.2,21.1,3.7,1014.6,0.0
751,72.8,22.5,131.3,1014.0,0.0
752,73.7,23.9,302.6,1013.0,0.0
753,80.7,24.2,91.8,1013.3,0.0
754,76.4,25.0,203.1,1013.0,0.0
755,67.8,25.3,317.7,1012.4,0.0
756,71.4,25.0,349.3,1013.0,0.0
757,67.6,24.0,353.9,1012.7,0.0
758,61.2,22.1,355.6,1013.2,0.0
759,70.2,22.8,349.9,1014.0,0.0
760,71.6,23.9,327.4,1012.3,0.0
761,63.7,24.2,342.2,1012.3,0.0
762,65.5,21.2,345.4,1013.7,0.0
763,70.6,20.9,341.7,1013.2,0.0
764,64.6,22.0,323.4,1011.5,0.0
765,60.8,23.0,312.7,1011.3,0.0
766,58.5,23.9,269.4,1011.1,0.0
767,63.5,25.2,213.8,1010.2,0.0
768,70.8,25.7,210.4,1010.6,0.0
769,70.8,25.0,335.4,1011.8,0.0
770,60.3,24.0,324.3,1012.3,0.0
771,68.4,26.3,220.8,1011.1,0.0
772,59.9,27.0,315.0,1011.4,0.0
773,37.1,24.1,330.7,1013.2,0.0
774,46.4,22.3,334.4,1013.1,0.0
775,52.8,22.4,328.5,1011.4,0.0
776,57.1,23.5,41.7,1012.6,0.0
777,76.0,24.7,131.0,1013.6,0.0
778,78.9,25.2,177.0,1013.5,0.124
779,79.4,25.6,199.9,1012.7,0.0
780,75.7,27.0,177.7,1011.5,0.0
781,73.6,28.1,200.5,1011.5,0.0
782,75.0,28.2,185.6,1010.3,0.0
783,66.1,28.6,181.8,1010.9,0.0
784,74.7,28.5,204.9,1012.3,0.0
785,69.7,28.4,326.5,1014.9,0.0
786,65.7,28.0,170.6,1016.0,0.0
787,68.8,28.1,234.1,1015.6,0.0
788,56.4,28.8,350.3,1016.0,0.0
789,67.0,28.8,157.3,1016.2,0.0
790,59.6,29.6,307.6,1015.7,0.0
791,47.2,29.9,325.3,1015.7,0.0
792,44.0,30.0,307.0,1015.3,0.0
793,46.8,29.8,320.3,1014.6,0.0
794,43.7,29.8,303.5,1013.7,0.0
795,43.3,29.5,4.2,1014.1,0.0
796,46.7,28.5,10.4,1014.8,0.0
797,53.7,27.8,19.5,1014.0,0.0
798,61.3,27.9,80.0,1013.3,0.0
799,58.6,27.0,20.7,1013.5,0.0
800,58.9,27.9,3.0,1012.5,0.0
801,57.9,29.1,354.0,1011.0,0.0
802,60.2,28.7,187.5,1008.9,0.0
803,63.8,28.7,201.0,1008.4,0.0
804,74.2,28.1,194.5,1010.8,0.06
805,85.3,24.4,61.6,1011.8,7.472
806,83.5,25.5,136.6,1010.5,0.507
807,87.2,22.8,134.1,1009.0,4.199
808,80.3,24.1,170.1,1007.8,4.002
809,80.3,24.4,232.4,1008.4,9.448
810,75.7,25.9,183.2,1007.9,0.005
811,76.5,27.1,168.2,1007.8,0.0
812,71.8,28.2,182.3,1008.9,0.0
813,74.2,29.7,201.2,1009.6,0.0
814,72.9,29.1,193.6,1008.0,0.177
815,78.3,28.0,263.0,1007.6,0.876
816,70.4,29.5,205.2,1008.2,0.002
817,73.4,30.1,203.7,1009.3,0.243
818,73.2,29.2,187.8,1008.0,7.632
819,76.2,26.4,127.0,1008.5,0.081
820,82.2,24.6,74.7,1008.4,12.364
821,67.2,27.1,237.2,1006.6,0.146
822,60.6,29.7,238.0,1006.6,0.0
823,73.9,29.9,195.0,1006.9,0.0
824,61.2,30.7,233.3,1006.5,0.124
825,50.2,31.4,306.3,1009.3,0.0
826,56.5,31.8,258.2,1010.8,0.0
827,53.9,31.9,263.3,1012.1,0.0
828,50.4,32.3,313.0,1011.4,0.0
829,59.1,32.6,265.8,1009.4,0.0
830,52.6,33.3,241.2,1009.0,0.0
831,49.2,33.0,265.8,1008.0,0.0
832,38.9,34.1,254.7,1007.2,0.0
833,43.0,34.8,236.6,1006.6,0.0
834,63.8,34.0,154.5,1006.1,0.0
835,59.0,34.8,174.6,1005.1,0.0
836,61.4,34.4,194.8,1005.7,0.0
837,74.2,33.0,170.0,1006.4,0.0
838,66.7,33.9,196.3,1003.1,0.0
839,65.4,33.9,182.4,1000.7,0.0
840,53.2,32.9,257.2,1002.3,0.001
841,46.9,31.6,258.3,1003.9,0.0
842,58.0,29.1,220.0,1006.7,0.922
843,76.3,26.4,86.8,1010.1,6.46
844,70.5,28.6,341.3,1009.8,0.0
845,65.2,30.9,163.2,1007.7,0.0
846,74.8,29.1,188.9,1007.8,32.146
847,72.7,29.4,222.8,1008.3,0.024
848,72.2,29.6,160.8,1007.3,1.804
849,79.7,26.7,80.0,1006.7,28.562
850,77.1,26.3,320.2,1008.2,0.0
851,63.8,29.6,202.8,1008.5,0.0
852,77.0,29.1,203.8,1009.0,1.799
853,73.9,29.2,194.6,1008.1,0.0
854,72.3,30.0,226.6,1005.5,3.31
855,67.5,31.7,210.3,1004.2,0.0
856,60.1,33.1,227.2,1004.2,0.0
857,60.7,33.8,223.1,1003.6,0.0
858,60.2,33.9,195.1,1003.9,0.0
859,63.9,33.3,190.9,1004.2,0.0
860,66.6,32.8,180.4,1005.8,0.0
861,72.4,31.8,140.4,1005.8,0.0
862,74.0,30.6,54.1,1003.9,0.0
863,62.7,30.8,15.9,999.7,0.0
864,66.8,29.3,170.1,1003.0,15.179
865,74.5,30.3,175.8,1004.2,0.254
866,72.8,31.8,168.2,1006.2,0.0
867,80.1,28.0,144.4,1007.8,20.471
868,73.7,30.4,200.5,1005.6,0.507
869,71.2,31.1,185.0,1005.1,0.0
870,77.7,32.1,177.4,1005.7,0.0
871,70.2,31.6,165.4,1006.4,0.0
872,74.0,30.9,151.8,1006.0,3.632
873,80.0,28.3,76.7,1005.3,0.0
874,75.6,29.8,174.0,1005.2,17.069
875,78.5,27.5,169.1,1006.4,19.684
876,82.5,28.7,337.6,1005.4,0.243
877,72.1,30.8,96.3,1006.3,0.0
878,64.9,32.3,69.8,1007.1,0.0
879,67.4,32.9,200.4,1006.2,0.0
880,69.3,33.1,183.0,1004.3,0.0
881,64.2,33.9,198.7,1003.1,0.0
882,64.9,33.6,205.3,1003.0,0.0
883,69.5,33.6,195.6,1004.0,0.0
884,72.0,33.3,183.0,1003.7,0.0
885,66.8,33.7,177.1,1002.4,0.0
886,67.7,33.8,190.9,1001.2,0.0
887,65.5,33.7,186.9,1000.6,0.0
888,78.4,32.6,169.8,1000.3,0.0
889,82.4,29.5,155.6,999.3,19.209
890,79.8,28.8,99.5,998.4,0.0
891,76.7,31.5,114.7,997.6,2.302
892,77.3,30.2,145.4,998.1,12.344
893,74.0,32.1,150.4,997.5,0.0
894,69.3,33.6,200.8,997.9,0.0
895,75.7,33.5,165.5,998.8,0.0
896,75.8,33.5,173.5,999.3,42.327
897,78.3,32.0,172.2,1001.4,3.535
898,83.3,31.1,164.9,1002.1,0.0
899,87.4,28.9,166.6,1002.1,2.336
900,80.3,31.4,177.4,1001.5,1.622
901,80.3,31.4,167.8,1001.9,0.342
902,83.8,30.1,152.7,1002.3,3.424
903,82.6,29.9,78.9,1001.0,5.007
904,85.4,29.2,109.3,999.7,8.277
905,90.4,28.5,110.5,999.6,26.396
906,91.1,27.7,141.0,1000.6,16.102
907,90.5,27.6,139.1,1001.0,17.234
908,92.8,26.7,161.7,1003.5,40.904
909,90.2,28.4,154.8,1003.7,12.181
910,84.6,30.0,180.8,1002.8,5.274
911,83.3,30.3,177.9,1002.9,1.342
912,78.7,31.7,180.1,1002.2,0.0
913,82.7,31.1,180.1,1002.3,2.303
914,78.0,31.5,150.9,1001.5,0.0
915,83.7,30.3,94.2,999.9,14.342
916,89.2,28.7,140.7,1001.4,10.018
917,87.5,29.3,145.7,1003.4,8.809
918,83.7,29.9,160.8,1004.3,16.438
919,78.0,31.1,178.1,1003.7,0.0
920,81.4,31.0,180.5,1003.3,0.0
921,81.2,30.5,165.4,1003.3,0.006
922,81.2,30.1,163.4,1003.6,0.416
923,78.6,30.5,153.2,1003.3,0.036
924,82.1,30.5,163.0,1002.8,0.241
925,86.3,28.9,100.4,1001.0,1.982
926,87.6,28.8,156.7,999.8,19.887
927,89.6,28.6,127.4,999.6,8.805
928,86.2,29.4,94.5,999.1,2.294
929,84.8,29.7,95.9,998.3,6.261
930,81.4,30.3,100.0,998.4,0.933
931,88.8,29.1,96.6,1001.5,4.407
932,89.8,28.7,97.8,1004.6,7.091
933,84.2,29.7,124.4,1004.8,3.314
934,85.9,29.4,111.6,1003.1,0.995
935,88.5,28.8,85.8,1002.6,15.957
936,88.9,28.6,96.4,1002.7,14.12
937,84.0,29.8,141.5,1001.9,2.505
938,87.4,29.4,141.5,999.2,6.136
939,89.4,29.3,102.9,998.2,2.281
940,83.1,30.9,69.8,997.4,0.007
941,82.9,30.9,318.5,996.7,8.964
942,87.3,28.9,345.3,992.8,37.473
943,87.5,28.1,153.7,993.1,58.029
944,83.4,29.7,176.6,998.2,1.622
945,78.9,30.5,191.5,1001.8,0.0
946,80.9,29.7,207.2,1003.0,0.356
947,88.6,28.2,216.9,1000.8,14.798
948,91.1,27.9,237.5,998.4,13.121
949,87.2,28.2,247.7,1000.4,4.275
950,82.5,29.8,253.0,1003.3,0.083
951,83.2,29.4,219.1,1004.6,12.531
952,82.7,29.5,219.7,1003.9,39.975
953,87.9,28.6,226.0,1002.7,5.25
954,87.5,28.4,220.7,1003.4,0.757
955,82.3,29.7,221.4,1004.2,0.0
956,84.5,29.9,198.7,1003.8,19.537
957,86.2,29.3,261.1,1003.1,5.969
958,90.3,28.7,38.4,1002.2,9.432
959,87.8,28.9,86.2,1001.3,0.471
960,85.9,29.4,141.1,1003.3,1.167
961,78.1,30.5,162.1,1004.7,0.0
962,80.9,30.6,172.5,1003.9,0.0
963,83.2,30.3,171.0,1003.5,0.0
964,87.6,29.2,163.8,1002.3,3.934
965,84.3,29.0,226.9,1000.4,1.018
966,93.3,26.7,232.3,1001.1,68.342
967,88.3,28.3,215.2,1001.8,0.169
968,76.9,30.9,243.8,1001.4,0.0
969,73.5,31.7,281.8,1001.8,0.0
970,77.8,30.6,336.3,1002.8,15.921
971,75.7,31.5,6.2,1003.9,0.0
972,81.6,30.9,193.0,1004.8,51.167
973,82.3,31.1,183.1,1004.6,0.0
974,87.2,29.7,194.0,1003.1,21.845
975,82.2,29.9,117.0,1001.5,0.0
976,90.4,27.9,101.7,1000.8,48.242
977,88.2,28.7,91.0,1001.5,7.311
978,84.7,29.5,96.8,1002.2,2.287
979,91.6,27.8,97.5,1002.0,36.19
980,93.5,27.6,145.8,1003.9,2.77
981,84.8,29.6,160.6,1004.2,13.062
982,82.1,30.5,173.4,1002.5,0.0
983,81.0,30.7,156.7,1001.6,0.0
984,86.3,29.2,65.8,1001.6,40.637
985,84.9,29.0,72.9,1000.4,2.789
986,91.6,27.6,90.2,1001.0,39.063
987,90.4,28.2,115.6,1004.2,11.26
988,83.9,30.4,122.7,1004.5,0.024
989,78.2,31.2,127.8,1003.1,0.0
990,85.3,29.5,116.9,1002.8,17.271
991,86.3,28.2,82.1,1004.0,0.158
992,89.3,27.6,93.8,1003.5,10.212
993,93.0,27.5,143.2,1005.0,21.471
994,92.2,27.7,156.9,1006.0,17.243
995,92.5,27.9,168.9,1006.5,17.87
996,90.5,27.9,156.9,1005.5,25.629
997,86.5,28.8,165.5,1005.6,14.467
998,80.9,30.3,172.5,1006.0,0.0
999,79.6,30.8,163.0,1005.4,0.0
1000,79.6,31.2,317.7,1004.6,0.036
1001,87.0,28.8,334.1,1003.9,1.495
1002,91.5,27.1,67.1,1001.8,54.407
1003,89.1,28.0,132.3,1002.1,21.52
1004,92.3,27.4,136.7,1003.6,23.785
1005,92.1,26.9,122.4,1004.7,11.51
1006,93.3,26.9,136.7,1004.1,61.467
1007,89.3,28.4,190.0,1003.1,2.88
1008,84.3,29.2,260.0,1004.2,0.816
1009,82.8,29.1,301.9,1006.2,0.0
1010,79.5,30.3,201.4,1007.7,0.0
1011,74.6,31.2,260.8,1008.6,0.0
1012,71.3,31.4,276.0,1009.0,0.0
1013,70.3,31.4,341.0,1009.1,0.0
1014,71.2,30.8,110.0,1010.9,0.0
1015,68.3,30.2,301.1,1012.0,0.0
1016,70.0,29.9,252.9,1011.2,0.0
1017,68.3,29.5,334.5,1009.9,0.0
1018,70.0,29.2,12.2,1010.7,0.0
1019,73.9,28.9,16.2,1011.6,0.0
1020,76.4,28.8,353.4,1012.2,0.0
1021,72.3,28.2,355.8,1012.9,0.0
1022,70.0,27.7,350.9,1013.4,0.0
1023,70.6,27.4,356.2,1013.5,0.0
1024,75.0,27.6,9.5,1013.3,0.0
1025,84.7,26.5,42.2,1011.8,5.376
1026,84.0,26.6,21.1,1009.9,6.593
1027,80.1,27.6,331.1,1011.6,0.0
1028,76.9,27.9,329.8,1012.5,0.0
1029,77.8,27.2,28.6,1012.2,0.0
1030,74.8,26.8,0.4,1012.8,0.0
1031,70.4,26.4,356.3,1012.6,0.0
1032,71.6,26.6,6.5,1013.0,0.0
1033,70.8,27.7,23.7,1013.9,0.0
1034,71.5,28.2,358.0,1014.3,2.656
1035,70.7,28.3,13.6,1013.1,0.0
1036,71.7,28.5,345.7,1011.2,0.367
1037,75.1,27.2,327.7,1011.3,0.0
1038,76.4,27.3,21.7,1013.2,0.0
1039,66.0,26.9,345.7,1014.2,0.0
1040,69.7,25.9,342.9,1013.4,0.0
1041,66.2,25.9,336.1,1012.9,0.0
1042,68.7,25.9,341.8,1013.3,0.0
1043,70.5,25.6,354.2,1014.4,0.0
1044,70.8,25.7,358.6,1014.7,0.0
1045,72.9,25.8,357.2,1015.0,0.0
1046,70.9,25.4,352.0,1015.0,0.0
1047,70.1,25.3,353.9,1014.7,0.0
1048,68.0,25.6,11.4,1014.7,0.0
1049,78.4,24.5,32.5,1014.9,0.04
1050,83.1,24.6,26.0,1012.3,0.0
1051,78.9,24.5,7.8,1014.0,0.0
1052,74.4,25.1,359.8,1014.9,0.0
1053,69.1,25.3,5.9,1014.8,0.0
1054,66.5,25.7,343.1,1013.4,0.0
1055,67.8,24.0,349.3,1013.0,0.0
1056,70.9,23.1,344.3,1012.8,0.0
1057,71.0,23.5,1.2,1013.6,0.0
1058,69.3,23.9,358.1,1015.1,0.0
1059,67.1,24.1,356.4,1015.8,0.0
1060,70.3,24.0,266.8,1014.5,0.0
1061,62.3,25.3,278.3,1013.1,0.0
1062,74.1,24.6,317.3,1013.7,0.0
1063,76.4,24.6,16.1,1014.5,0.0
1064,66.2,25.0,11.8,1014.0,0.0
1065,69.8,24.7,9.4,1014.2,0.0
1066,72.3,24.5,7.3,1014.5,0.0
1067,74.7,23.9,17.4,1013.4,0.0
1068,69.6,24.1,7.7,1013.2,0.02
1069,76.7,23.1,10.2,1014.5,0.444
1070,89.8,19.8,6.6,1013.0,31.806
1071,88.2,20.8,327.2,1012.5,0.0
1072,80.7,21.6,329.8,1014.0,0.0
1073,71.8,21.0,310.5,1013.3,0.0
1074,66.8,20.1,323.6,1014.3,0.0
1075,69.8,20.1,334.6,1013.0,0.0
1076,65.9,20.2,325.7,1014.3,0.0
1077,66.3,19.7,359.0,1016.5,0.0
1078,68.7,18.7,343.3,1016.9,0.0
1079,66.9,18.9,339.7,1015.5,0.0
1080,65.3,18.7,332.0,1015.6,0.0
1081,66.6,18.6,342.8,1016.5,0.0
1082,64.1,18.6,329.1,1017.2,0.0
1083,68.1,19.0,333.9,1016.1,0.0
1084,67.1,19.3,333.4,1015.1,0.0
1085,73.8,20.0,330.3,1015.1,0.0
1086,77.6,20.6,345.5,1016.7,0.0
1087,82.5,20.0,339.5,1018.0,0.0
1088,79.1,19.8,354.0,1017.0,0.0
1089,76.0,20.8,340.0,1017.1,0.0
1090,75.3,21.2,338.5,1017.6,0.0
1091,77.0,20.7,355.2,1016.7,0.0
1092,75.8,20.9,348.9,1016.6,0.0
1093,72.9,20.9,341.8,1015.7,0.0
1094,78.9,18.8,352.3,1016.0,0.0
1095,80.6,18.3,346.4,1015.9,0.0
1096,76.2,16.7,357.2,1016.0,0.0
1097,73.5,18.1,0.2,1015.3,0.0
1098,74.1,19.0,12.7,1015.3,0.0
1099,70.8,19.5,25.8,1016.0,0.0
1100,71.2,19.5,2.6,1016.6,0.0
1101,75.3,20.1,359.7,1017.2,0.0
1102,79.6,19.2,357.1,1017.5,0.0
1103,78.3,18.6,354.8,1016.6,0.0
1104,71.2,19.6,337.5,1014.9,0.0
1105,74.1,19.2,352.8,1016.4,0.0
1106,76.5,16.2,357.0,1016.2,0.0
1107,72.7,15.6,359.1,1015.9,0.0
1108,76.1,15.6,3.5,1015.2,0.0
1109,84.4,14.4,27.3,1015.2,0.0
1110,82.2,15.7,354.8,1014.8,0.0
1111,85.9,15.0,33.3,1015.0,0.0
1112,86.0,16.5,48.1,1014.9,1.772
1113,83.8,18.6,350.1,1016.2,0.0
1114,82.6,16.2,352.2,1016.5,0.0
1115,80.3,17.3,16.5,1016.0,0.0
1116,78.8,15.0,358.4,1018.2,0.0
1117,70.1,16.8,339.0,1016.7,0.0
1118,74.7,18.2,51.9,1016.7,0.495
1119,78.1,17.8,0.8,1018.7,0.0
1120,70.2,17.4,346.5,1019.5,0.0
1121,60.3,17.9,345.1,1019.1,0.0
1122,63.4,17.9,10.4,1018.7,0.0
1123,65.4,19.1,100.4,1017.2,0.0
1124,75.9,21.2,170.0,1015.6,0.0
1125,82.7,22.3,127.5,1015.2,1.239
1126,89.3,21.6,68.1,1015.7,3.01
1127,81.2,22.7,310.9,1014.9,5.116
1128,70.3,22.2,275.0,1016.0,0.0
1129,66.1,21.7,275.1,1017.1,0.0
1130,67.5,22.8,10.5,1016.6,0.0
1131,83.5,23.6,3.8,1015.7,0.0
1132,72.0,21.8,355.3,1016.2,0.0
1133,56.2,20.5,332.2,1016.2,0.0
1134,56.2,18.9,350.9,1018.6,0.0
1135,58.4,19.5,329.6,1018.7,0.0
1136,58.3,20.7,351.4,1018.8,0.0
1137,62.0,22.1,57.9,1018.7,0.0
1138,67.9,22.3,354.0,1018.2,0.0
1139,72.1,22.9,32.5,1016.7,0.0
1140,74.1,23.8,355.9,1016.9,0.487
1141,77.4,23.4,348.2,1017.0,0.0
1142,69.1,23.0,325.1,1014.3,0.0
1143,73.6,23.8,148.8,1013.5,0.0
1144,76.5,25.4,203.4,1013.2,0.0
1145,79.3,26.5,179.4,1010.7,0.0
1146,68.5,26.8,83.3,1009.4,0.193
1147,82.7,25.0,26.1,1009.6,4.054
1148,71.1,23.8,24.1,1012.8,0.708
1149,64.7,23.7,30.6,1014.6,0.162
1150,66.5,22.5,28.7,1015.5,0.0
1151,64.5,22.8,10.4,1016.0,0.0
1152,55.4,23.7,3.0,1014.8,0.0
1153,64.3,25.1,318.2,1012.4,0.0
1154,59.5,25.2,5.9,1013.5,0.0
1155,60.2,25.2,0.1,1014.0,0.0
1156,60.6,25.8,64.6,1012.9,0.0
1157,69.2,26.8,308.9,1012.4,0.0
1158,65.2,26.2,120.0,1012.5,0.0
1159,68.3,26.4,322.8,1012.5,0.0
1160,60.4,24.7,10.4,1012.9,0.0
1161,56.4,23.5,16.0,1012.3,0.0
1162,51.6,24.8,349.9,1012.6,0.0
1163,51.4,24.8,342.3,1013.4,0.0
1164,51.5,24.7,354.4,1014.9,0.0
1165,50.5,26.0,258.0,1014.3,0.0
1166,73.2,28.1,186.0,1011.7,0.0
1167,71.7,28.7,162.4,1011.3,0.0
1168,78.0,29.1,185.6,1010.9,0.0
1169,73.4,28.9,147.6,1011.6,5.573
1170,80.1,27.2,172.8,1013.2,0.342
1171,76.5,25.8,60.2,1013.1,0.0
1172,80.3,26.8,231.0,1012.0,0.704
1173,64.5,27.7,267.4,1012.3,0.006
1174,92.3,20.3,250.2,1014.3,16.676
1175,84.8,21.3,89.7,1012.9,0.179
1176,76.2,23.8,30.1,1009.9,0.0
1177,73.7,27.0,173.8,1008.4,0.0
1178,73.4,29.2,203.0,1010.0,0.0
1179,75.7,28.6,189.5,1010.6,1.201
1180,70.5,27.3,162.5,1011.4,0.048
1181,77.4,29.5,180.7,1012.1,0.0
1182,77.2,30.0,117.2,1009.7,0.3
1183,78.9,29.9,155.4,1008.3,1.2
1184,78.4,30.6,165.0,1009.3,2.7
1185,74.6,30.5,170.6,1009.0,1.4
1186,56.3,32.6,225.5,1005.5,0.0
1187,60.5,31.9,128.1,1005.3,0.0
1188,67.2,31.7,178.1,1007.2,0.0
1189,76.9,31.2,186.8,1006.7,0.0
1190,77.3,31.9,187.0,1005.1,0.0
1191,76.6,32.0,163.9,1005.6,0.0
1192,76.9,28.5,181.6,1007.4,0.506
1193,63.3,28.3,262.7,1010.0,0.0
1194,54.5,29.6,299.1,1010.0,0.0
1195,63.0,29.9,92.1,1010.0,0.0
1196,64.5,28.4,38.7,1011.2,0.0
1197,55.1,30.0,104.7,1010.8,0.0
1198,52.3,31.6,166.6,1010.0,0.0
1199,49.4,32.6,180.5,1009.8,0.0
1200,59.6,32.9,189.0,1008.8,0.0
1201,57.0,34.2,224.1,1006.0,0.0
1202,60.6,34.2,194.1,1004.4,0.0
1203,47.5,34.8,275.9,1004.0,0.0
1204,47.0,34.8,216.7,1001.9,0.0
1205,62.7,34.1,196.7,1001.6,0.0
1206,62.2,34.4,185.2,1002.7,0.0
1207,49.9,34.7,254.9,1004.7,0.0
1208,41.6,34.4,256.0,1004.4,0.0
1209,47.2,34.9,220.6,1003.6,0.0
1210,44.8,35.5,260.3,1004.1,0.0
1211,68.4,33.8,184.4,1004.0,0.0
1212,64.4,34.3,184.3,1004.1,0.0
1213,57.9,35.3,212.3,1004.3,0.0
1214,46.8,35.8,220.0,1004.8,0.0
1215,52.2,36.2,212.9,1000.6,0.005
1216,43.8,35.9,206.2,999.8,0.0
1217,64.1,33.7,201.2,1000.6,0.01
1218,60.9,33.7,147.4,1004.3,0.0
1219,71.8,32.6,182.4,1004.6,0.0
1220,72.1,32.7,181.0,1002.1,0.0
1221,77.4,31.0,167.9,1004.0,61.484
1222,78.0,28.2,135.9,1008.6,12.703
1223,79.4,26.9,128.6,1009.2,12.144
1224,85.6,26.5,112.9,1008.5,52.443
1225,80.4,27.0,136.6,1008.7,0.0
1226,84.1,27.7,146.6,1008.8,0.117
1227,75.3,28.8,118.7,1009.2,0.0
1228,71.9,30.9,165.3,1008.6,0.0
1229,74.5,31.3,186.8,1008.3,0.124
1230,68.5,32.0,185.6,1009.1,0.0
1231,69.7,32.7,203.4,1008.0,0.0
1232,69.1,33.3,201.9,1006.0,0.0
1233,69.3,32.5,187.8,1004.0,0.035
1234,71.1,32.7,177.0,1002.8,0.0
1235,84.3,29.1,148.2,1003.6,13.598
1236,79.8,30.2,142.9,1004.1,0.0
1237,83.2,29.8,130.8,1004.3,60.329
1238,76.0,31.1,134.7,1002.7,0.012
1239,72.6,32.2,127.0,1000.9,0.0
1240,73.2,32.5,82.6,998.4,0.0
1241,86.8,28.5,38.4,993.2,43.591
1242,94.6,26.4,322.3,986.7,152.064
1243,84.5,30.3,180.4,996.7,0.0
1244,81.9,32.2,177.7,997.6,0.0
1245,81.8,32.1,177.2,1000.2,0.0
1246,89.4,26.9,212.2,1003.2,50.2
1247,83.5,31.0,173.5,1003.7,0.0
1248,79.7,31.9,174.0,1003.9,0.0
1249,75.0,31.3,184.9,1003.4,0.0
1250,77.8,31.7,179.4,1003.4,0.235
1251,75.8,31.4,160.0,1003.7,0.0
1252,78.6,32.1,157.5,1003.3,2.05
1253,73.8,32.5,195.1,1002.1,0.0
1254,74.5,32.3,181.1,1000.8,0.0
1255,76.2,33.5,179.2,999.8,0.0
1256,75.1,33.6,170.0,1000.4,0.0
1257,78.4,32.6,168.4,1000.3,0.0
1258,78.5,32.3,176.5,1000.7,0.323
1259,79.6,32.1,173.8,1000.0,0.0
1260,76.5,32.9,161.0,998.7,0.0
1261,77.5,32.8,170.9,998.8,0.048
1262,74.6,32.8,170.1,1000.8,0.0
1263,78.7,32.8,176.2,1000.9,0.0
1264,82.6,32.5,182.5,999.1,0.089
1265,81.7,31.4,178.1,998.1,0.0
1266,86.4,29.5,167.9,999.2,5.414
1267,87.4,29.0,134.1,1000.6,1.622
1268,82.5,30.4,146.9,1000.2,4.022
1269,82.7,30.6,161.8,1000.8,14.596
1270,80.2,31.6,170.8,1000.1,0.0
1271,77.1,32.2,168.8,999.3,0.0
1272,75.2,32.0,133.4,1000.2,0.0
1273,86.4,29.7,93.6,1001.4,4.995
1274,91.0,29.2,100.7,999.2,58.654
1275,93.2,29.1,158.7,998.8,33.115
1276,89.3,29.9,192.5,999.3,0.359
1277,86.0,30.1,208.4,999.1,0.605
1278,91.9,28.2,215.3,998.4,28.128
1279,92.2,27.6,188.2,999.7,25.764
1280,88.9,28.8,177.6,1001.4,0.002
1281,83.2,30.4,183.9,1000.5,0.0
1282,89.1,29.3,162.3,1000.6,0.36
1283,86.2,29.7,137.4,1002.2,10.565
1284,81.5,30.1,117.9,1002.8,2.432
1285,78.0,30.9,158.8,1003.5,0.001
1286,75.9,31.5,180.7,1003.8,0.0
1287,77.5,31.9,196.9,1000.9,0.036
1288,88.7,27.7,182.1,999.5,50.259
1289,82.3,30.3,143.2,997.6,0.1
1290,83.7,30.2,125.5,997.4,13.724
1291,90.3,28.9,102.4,999.1,6.927
1292,86.5,29.8,112.2,1000.2,7.863
1293,84.6,30.3,109.7,1000.3,19.972
1294,82.5,30.9,91.9,998.7,1.622
1295,86.8,29.8,83.5,996.5,21.51
1296,83.8,30.3,106.1,997.1,0.99
1297,89.4,29.4,111.9,997.8,11.288
1298,91.5,28.8,139.5,998.0,35.159
1299,89.9,29.2,138.6,996.4,0.138
1300,85.1,29.8,189.0,993.8,0.0
1301,88.3,29.9,210.4,992.0,6.604
1302,87.2,29.8,51.1,991.3,2.72
1303,88.4,29.6,117.2,995.2,8.329
1304,89.3,29.4,103.9,997.0,0.967
1305,86.0,30.0,134.6,997.1,16.857
1306,87.3,29.9,184.6,999.6,23.146
1307,87.8,29.5,191.8,999.5,10.831
1308,94.6,27.9,208.9,997.4,44.904
1309,91.1,28.1,190.3,998.3,18.223
1310,93.5,28.0,159.7,1001.9,31.554
1311,88.1,29.2,164.8,1004.1,0.108
1312,88.3,29.3,170.2,1003.3,7.716
1313,90.8,28.9,168.6,1001.4,18.963
1314,86.8,29.1,144.2,1001.5,0.267
1315,86.8,29.2,143.3,1003.4,6.64
1316,83.6,30.0,163.2,1004.2,0.071
1317,90.3,29.1,163.1,1003.6,5.134
1318,89.4,29.3,178.7,1002.9,6.06
1319,81.7,30.9,180.4,1002.9,3.6
1320,88.8,29.8,145.9,1003.6,19.954
1321,88.0,29.7,60.1,1003.3,2.187
1322,84.6,30.1,144.0,1002.2,2.272
1323,88.0,29.2,151.7,1001.6,2.507
1324,80.2,30.5,31.2,1002.4,24.909
1325,90.9,27.4,328.1,1002.1,58.074
1326,90.3,28.0,317.3,1001.8,4.255
1327,90.1,28.3,207.2,1003.4,13.303
1328,87.3,29.6,248.4,1004.3,17.181
1329,88.6,29.1,245.9,1003.4,7.365
1330,95.0,27.3,145.7,1004.0,15.075
1331,93.0,27.4,149.8,1004.3,35.077
1332,91.1,27.9,211.4,1002.4,21.31
1333,93.1,27.3,162.1,1001.4,40.752
1334,93.2,27.4,129.5,1004.5,44.912
1335,81.8,29.8,116.3,1004.1,0.0
1336,80.3,30.2,118.8,1003.6,0.74
1337,79.9,30.4,127.4,1003.8,2.445
1338,80.3,30.3,119.3,1003.8,0.172
1339,82.6,29.9,128.8,1004.9,0.356
1340,79.3,30.6,113.1,1005.5,0.547
1341,81.7,30.3,141.2,1005.6,1.062
1342,81.3,30.4,183.2,1003.4,1.622
1343,75.2,31.2,158.6,1001.9,0.0
1344,77.4,31.1,52.4,1002.3,0.177
1345,78.8,31.0,94.5,1002.4,1.594
1346,83.6,29.9,91.4,1001.8,0.366
1347,86.1,29.5,111.8,999.8,12.01
1348,83.9,30.2,128.9,1000.1,4.391
1349,84.5,30.5,156.0,1001.4,9.651
1350,85.0,30.8,269.6,1001.4,0.164
1351,87.5,29.0,325.0,998.8,33.059
1352,95.1,26.1,340.0,992.5,63.18
1353,94.9,26.1,161.4,992.1,18.614
1354,92.0,27.3,134.2,999.5,31.372
1355,85.2,29.2,120.6,1004.2,0.0
1356,76.9,30.1,110.7,1004.1,0.0
1357,77.9,31.3,305.4,1003.6,0.0
1358,75.9,32.4,348.7,1003.3,0.0
1359,78.0,30.4,20.9,1004.1,5.759
1360,76.8,31.5,3.3,1002.7,3.896
1361,81.8,31.4,57.7,1002.9,1.187
1362,88.3,28.8,98.3,1003.4,1.651
1363,94.3,27.0,128.0,1004.4,44.243
1364,95.5,26.0,136.7,1006.8,66.653
1365,88.6,28.3,160.8,1008.3,5.694
1366,84.7,29.6,180.6,1008.5,9.348
1367,81.7,30.9,215.3,1008.1,0.0
1368,79.2,31.8,230.1,1006.7,0.0
1369,77.8,32.1,276.2,1004.2,0.0
1370,83.7,29.5,282.7,1003.5,8.284
1371,86.8,28.9,190.1,1002.6,12.872
1372,89.3,28.1,194.3,1004.5,6.237
1373,89.5,27.3,109.6,1006.9,12.566
1374,92.4,27.2,92.9,1009.7,2.836
1375,84.9,29.0,132.2,1012.0,0.001
1376,86.5,28.8,184.3,1011.7,16.645
1377,82.6,29.1,189.1,1009.8,0.0
1378,80.7,29.0,185.3,1008.7,0.0
1379,78.6,30.4,215.3,1008.5,146.111
1380,77.5,30.6,221.0,1009.8,0.0
1381,76.1,30.2,341.6,1010.5,0.048
1382,74.9,29.9,7.9,1010.3,0.0
1383,75.2,29.7,47.8,1009.9,0.0
1384,85.3,28.3,134.0,1010.0,34.672
1385,85.2,28.5,163.0,1009.9,1.417
1386,86.6,28.5,185.4,1009.4,4.943
1387,87.9,27.5,47.0,1010.7,2.813
1388,79.8,28.1,359.3,1011.8,0.0
1389,79.4,27.9,349.5,1010.7,0.0
1390,75.7,28.3,348.5,1010.0,0.0
1391,86.0,26.7,22.9,1008.9,11.521
1392,90.0,25.5,47.4,1006.3,4.76
1393,94.1,25.4,64.4,1005.3,141.084
1394,84.2,28.2,122.0,1006.9,8.204
1395,82.5,28.5,116.1,1008.1,0.218
1396,78.3,29.2,143.0,1007.7,0.0
1397,76.5,29.3,196.9,1008.5,0.0
1398,80.9,29.3,196.5,1009.7,0.811
1399,78.7,29.9,234.1,1010.3,0.0
1400,73.1,29.5,297.5,1011.4,0.0
1401,72.9,28.6,345.8,1012.2,0.0
1402,75.3,28.0,345.5,1012.3,0.0
1403,76.7,27.8,17.8,1011.9,0.0
1404,74.3,27.7,18.8,1012.6,0.266
1405,74.9,27.6,49.3,1013.1,0.0
1406,73.3,27.9,350.2,1012.6,0.0
1407,74.3,27.5,6.8,1012.6,0.0
1408,73.9,27.1,19.6,1012.6,0.0
1409,69.9,27.0,28.4,1012.9,0.0
1410,71.4,26.9,24.6,1012.6,0.0
1411,69.6,26.7,13.1,1012.1,0.0
1412,69.7,26.2,6.3,1011.6,0.0
1413,67.7,25.8,357.9,1012.7,0.0
1414,62.4,25.4,336.4,1012.3,0.0
1415,59.6,24.4,336.8,1011.8,0.0
1416,61.9,24.2,307.2,1011.9,0.0
1417,62.9,23.2,347.2,1012.6,0.0
1418,64.4,23.4,4.9,1013.3,0.0
1419,69.6,23.8,353.8,1012.5,0.0
1420,65.2,24.5,315.7,1012.5,0.0
1421,65.4,23.8,331.4,1012.6,0.0
1422,63.6,23.4,1.6,1013.8,0.0
1423,65.8,22.6,7.3,1014.1,0.0
1424,70.6,21.8,344.6,1013.9,0.0
1425,69.1,21.9,360.0,1013.2,0.0
1426,71.4,22.6,2.1,1012.4,0.0
1427,70.2,23.1,8.2,1013.3,0.0
1428,68.1,24.2,2.9,1013.5,0.04
1429,81.2,20.9,348.5,1012.8,0.286
1430,69.3,23.5,3.3,1011.1,0.0
1431,69.7,22.8,359.6,1011.9,0.58
1432,65.9,23.4,339.9,1012.8,0.0
1433,67.4,22.8,6.6,1012.7,0.0
1434,63.4,23.2,319.3,1012.4,0.0
1435,61.4,22.1,351.2,1012.2,0.0
1436,62.7,21.3,20.1,1012.7,0.0
1437,62.0,21.0,4.8,1012.9,0.0
1438,68.5,20.7,28.4,1012.6,0.649
1439,75.6,20.7,345.5,1013.5,0.0
1440,76.7,18.7,355.9,1014.8,0.0
1441,66.0,19.0,352.3,1013.2,0.0
1442,64.6,18.7,353.1,1013.9,0.0
1443,59.1,18.5,351.8,1015.7,0.0
1444,56.9,18.7,343.0,1016.2,0.0
1445,67.3,19.5,328.9,1014.8,0.0
1446,64.4,21.2,345.3,1014.0,0.0
1447,65.3,20.8,347.8,1013.3,0.0
