datetime,tempmax,tempmin,temp,feelslikemax,feelslikemin,feelslike,dew,humidity,precip,precipprob,precipcover,windgust,windspeed,winddir,sealevelpressure,cloudcover,visibility,conditions
01-01-2023,26,18,21.3,26,18,21.3,17.3,78.6,0,0,0,19.1,11.2,58.9,1017.3,24.6,1.5,Partially cloudy
02-01-2023,26,17,20.9,26,17,20.9,15.9,74.7,0,0,0,22.3,11.2,25.4,1018.1,11.8,2,Clear
03-01-2023,23,15.4,18.2,23,15.4,18.2,15.4,84.3,0,0,0,29.2,14.8,359.6,1018.5,24.3,1.4,Partially cloudy
04-01-2023,23,14.9,17.7,23,14.9,17.7,14.8,83.4,0,0,0,37.4,16.6,9.2,1018.4,25.6,1.7,Partially cloudy
05-01-2023,23,13,17.6,23,13,17.6,13.8,79.5,0,0,0,32.4,18.4,346.9,1019,11.2,1.9,Clear
06-01-2023,24,12.4,17.8,24,12.4,17.8,12.8,73.9,0,0,0,30.2,16.6,335.7,1018.6,0,2,Clear
07-01-2023,23,12.9,16.9,23,12.9,16.9,12.8,78.3,0,0,0,31.3,16.6,338.7,1016.5,0.1,1.8,Clear
08-01-2023,25,13,18.2,25,13,18.2,13.6,76.5,0,0,0,27,13,357.7,1015.7,2.4,1.9,Clear
09-01-2023,27,13.8,19.7,27.7,13.8,19.8,14.4,73.3,0,0,0,22.7,13,356.1,1016.7,0,2.1,Clear
10-01-2023,28,14,20.2,27.1,14,20.1,11.1,59.4,0,0,0,24.8,14.8,344.3,1015.5,0,2.8,Clear
11-01-2023,26,14.4,19.4,26,14.4,19.4,11.5,62.7,0,0,0,27.7,18.4,344.3,1013.8,0,2.5,Clear
12-01-2023,28,13.4,19.7,27,13.4,19.6,11.6,63.2,0,0,0,18.4,11.2,325.3,1012.4,2.1,2.3,Clear
13-01-2023,29,15.8,22.4,30.8,15.8,22.7,17.7,76,0,0,0,25.2,14.8,199.2,1012.5,16.9,2.1,Clear
14-01-2023,29,20.2,24.1,31.4,20.2,24.5,20.3,80.2,0,0,0,18,13,207.6,1011.9,47.9,1.9,Partially cloudy
15-01-2023,27,19.2,22.5,28.2,19.2,22.6,18.4,78.8,0,0,0,27.7,11.2,33.6,1012.1,43.2,1.4,Partially cloudy
16-01-2023,24,17,20.2,24,17,20.2,14.8,72.4,0,0,0,27,18.4,17.2,1014.1,22.7,2.1,Partially cloudy
17-01-2023,24,16,19.4,24,16,19.4,14.4,73.8,0,0,0,23,18.4,39.8,1014.7,27.6,2,Partially cloudy
18-01-2023,24,16,20.1,24,16,20.1,14.7,71.9,0.012,100,4.17,22.3,13,41.9,1016.7,46.4,2.8,"Rain, Partially cloudy"
19-01-2023,24,15.9,19.6,24,15.9,19.6,13.7,69.7,0,0,0,24.5,16.6,7.2,1017,46.5,1.9,Partially cloudy
20-01-2023,26,14,19.5,26,14,19.5,13,68.2,0,0,0,22.7,11.2,359.4,1016.1,5.4,2.1,Clear
21-01-2023,28,14.6,21.1,28.3,14.6,21.2,14.6,68.2,0,0,0,20.9,9.4,3.7,1014.6,6.6,1.6,Clear
22-01-2023,29,16,22.5,29.8,16,22.6,16.9,72.8,0,0,0,17.3,9.4,131.3,1014,2.2,1.6,Clear
23-01-2023,31,17.6,23.9,33,17.6,24.3,18.7,73.7,0,0,0,20.2,7.6,302.6,1013,1.7,1.6,Clear
24-01-2023,29,19.5,24.2,32,19.5,24.8,20.5,80.7,0,0,0,20.2,11.2,91.8,1013.3,7.4,1.5,Clear
25-01-2023,31,19.7,25,33.7,19.7,25.8,20.2,76.4,0,0,0,14,9.4,203.1,1013,10.2,1.6,Clear
26-01-2023,32,19,25.3,33.5,19,25.7,18.3,67.8,0,0,0,20.5,14.8,317.7,1012.4,2,2.2,Clear
27-01-2023,30,20,25,31.9,20,25.4,19.1,71.4,0,0,0,26.6,18.4,349.3,1013,1.4,2.4,Clear
28-01-2023,29,19.5,24,28.6,19.5,24,17.2,67.6,0,0,0,28.1,16.6,353.9,1012.7,1.8,2.4,Clear
29-01-2023,28,17,22.1,27.6,17,22,13.5,61.2,0,0,0,27.4,16.6,355.6,1013.2,8,2.9,Clear
30-01-2023,30,16.5,22.8,30.8,16.5,23,16.7,70.2,0,0,0,20.5,13,349.9,1014,4.1,2.8,Clear
31-01-2023,28,19.5,23.9,29.2,19.5,24.1,18.2,71.6,0,0,0,20.2,11.2,327.4,1012.3,67.6,2,Partially cloudy
01-02-2023,29,19.9,24.2,29.5,19.9,24.3,16.7,63.7,0,0,0,31.3,22.3,342.2,1012.3,63.4,3,Partially cloudy
02-02-2023,26,17.5,21.2,26,17.5,21.2,14.2,65.5,0,0,0,33.5,22.3,345.4,1013.7,7.3,4.8,Clear
03-02-2023,27,16,20.9,27.3,16,20.9,15,70.6,0,0,0,34.9,18.4,341.7,1013.2,7.7,2.5,Clear
04-02-2023,28,15.7,22,27.8,15.7,22,14.2,64.6,0,0,0,31.3,20.5,323.4,1011.5,2.8,2.5,Clear
05-02-2023,30,16.3,23,29.2,16.3,22.9,14.2,60.8,0,0,0,25.2,11.2,312.7,1011.3,3.3,2.6,Clear
06-02-2023,32,16.4,23.9,30.1,16.4,23.7,13.7,58.5,0,0,0,20.5,14.8,269.4,1011.1,2.8,3,Clear
07-02-2023,33,20,25.2,31.6,20,25,16,63.5,0,0,0,20.5,16.6,213.8,1010.2,13.4,2.6,Clear
08-02-2023,31,21.4,25.7,32.4,21.4,26.1,19.4,70.8,0,0,0,28.4,14.8,210.4,1010.6,24.4,2.7,Partially cloudy
09-02-2023,30,20.5,25,30.8,20.5,25.3,18.9,70.8,0,0,0,24.8,13,335.4,1011.8,6.7,2.3,Clear
10-02-2023,31,17.9,24,29.5,17.9,23.8,14.8,60.3,0,0,0,20.9,11.2,324.3,1012.3,3,2.6,Clear
11-02-2023,34,19.6,26.3,35.3,19.6,27,19.2,68.4,0,0,0,23,14.8,220.8,1011.1,19.4,2.7,Clear
12-02-2023,32,23,27,31.6,23,26.9,17.4,59.9,0,0,0,32,20.5,315,1011.4,15.9,2.9,Clear
13-02-2023,29,18.6,24.1,27.6,18.6,23.7,7.8,37.1,0,0,0,36,18.4,330.7,1013.2,1.3,3.8,Clear
14-02-2023,29,16.5,22.3,27.6,16.5,22.1,9.3,46.4,0,0,0,22.3,13,334.4,1013.1,2.9,3.3,Clear
15-02-2023,29,15,22.4,28,15,22.2,11.3,52.8,0,0,0,22.3,13,328.5,1011.4,0.8,3.1,Clear
16-02-2023,30,17.2,23.5,29,17.2,23.3,13.8,57.1,0,0,0,16.9,11.2,41.7,1012.6,21.4,2.9,Partially cloudy
17-02-2023,29,19.6,24.7,30.8,19.6,25.2,19.9,76,0,0,0,19.1,11.2,131,1013.6,41.7,2.6,Partially cloudy
18-02-2023,29,22.4,25.2,32,22.4,26,21.2,78.9,0.124,100,4.17,18.4,14.8,177,1013.5,58.2,2.2,"Rain, Partially cloudy"
19-02-2023,31,21.5,25.6,34.6,21.5,26.9,21.6,79.4,0,0,0,19.4,13,199.9,1012.7,46.2,2.5,Partially cloudy
20-02-2023,32,22.3,27,37.9,22.3,28.5,21.9,75.7,0,0,0,24.5,18.4,177.7,1011.5,42.4,2.8,Partially cloudy
21-02-2023,34,24.1,28.1,38.1,24.1,29.7,22.4,73.6,0,0,0,28.1,14.8,200.5,1011.5,46.1,2.9,Partially cloudy
22-02-2023,34,23.9,28.2,40.6,23.9,30.3,22.9,75,0,0,0,38.9,25.9,185.6,1010.3,33.7,2.8,Partially cloudy
23-02-2023,35,23.6,28.6,36.2,23.6,29.5,20.6,66.1,0,0,0,27.7,18.4,181.8,1010.9,35.9,3.1,Partially cloudy
24-02-2023,34,24.8,28.5,39.4,24.8,31.2,23.3,74.7,0,0,0,19.8,14.8,204.9,1012.3,40.7,2.7,Partially cloudy
25-02-2023,34,24.6,28.4,38.1,24.6,30.4,21.8,69.7,0,0,0,15.8,11.2,326.5,1014.9,42.4,2.5,Partially cloudy
26-02-2023,34,23,28,35.8,23,29.4,20.5,65.7,0,0,0,19.8,13,170.6,1016,23.5,2.7,Partially cloudy
27-02-2023,33,23,28.1,37,23,30,21.5,68.8,0,0,0,22.7,13,234.1,1015.6,30,2.6,Partially cloudy
28-02-2023,35,24.5,28.8,34.1,24.5,28.8,17.7,56.4,0,0,0,17.6,11.2,350.3,1016,12.5,3,Clear
01-03-2023,35,23.7,28.8,37.7,23.7,30.7,21.5,67,0,0,0,18,11.2,157.3,1016.2,13.5,2.9,Clear
02-03-2023,36,24.4,29.6,37.4,24.4,30.6,19.9,59.6,0,0,0,22.7,13,307.6,1015.7,8.9,3,Clear
03-03-2023,36,24,29.9,35.4,24,29.6,15.8,47.2,0,0,0,23.8,16.6,325.3,1015.7,0.8,3.4,Clear
04-03-2023,36,23.5,30,35.8,23.5,30,15.8,44,0,0,0,30.2,14.8,307,1015.3,0.4,3.5,Clear
05-03-2023,36,22.7,29.8,35.8,22.7,30.2,16.7,46.8,0,0,0,26.3,14.8,320.3,1014.6,2.2,3.4,Clear
06-03-2023,35,23.7,29.8,34,23.7,29.7,15.4,43.7,0,0,0,23.8,13,303.5,1013.7,1.3,3.6,Clear
07-03-2023,36,23.3,29.5,34.3,23.3,29.1,14.6,43.3,0,0,0,25.9,18.4,4.2,1014.1,23.7,3.7,Partially cloudy
08-03-2023,34,23,28.5,33.3,23,28.2,15.2,46.7,0,0,0,22.3,13,10.4,1014.8,45.4,3.5,Partially cloudy
09-03-2023,34,22.9,27.8,34.1,22.9,28.2,17.1,53.7,0,0,0,25.6,14.8,19.5,1014,43.9,3.4,Partially cloudy
10-03-2023,32,24,27.9,33.7,24,28.8,19.5,61.3,0,0,0,33.5,9.4,80,1013.3,75.4,3,Partially cloudy
11-03-2023,32,23,27,33.5,23,27.5,17.9,58.6,0,0,0,22.7,18.4,20.7,1013.5,67.7,3.3,Partially cloudy
12-03-2023,34,21,27.9,35.1,21,28.4,18.3,58.9,0,0,0,20.5,11.2,3,1012.5,22.4,3.4,Partially cloudy
13-03-2023,35,23,29.1,38.5,23,30.5,19.5,57.9,0,0,0,18.4,11.2,354,1011,6.6,3.2,Clear
14-03-2023,34,24,28.7,36.5,24,30,19.8,60.2,0,0,0,40.7,25.9,187.5,1008.9,37.3,3.2,Partially cloudy
15-03-2023,34,24.2,28.7,37.3,24.2,30.2,20.8,63.8,0,0,0,27.7,20.5,201,1008.4,55.4,4.1,Partially cloudy
16-03-2023,32,21.3,28.1,36.8,21.3,30.6,22.9,74.2,0.06,100,4.17,31.7,22.3,194.5,1010.8,61.3,2.9,"Rain, Partially cloudy"
17-03-2023,27,21,24.4,29.6,21,24.7,21.7,85.3,7.472,100,12.5,33.8,11.2,61.6,1011.8,82.1,2.3,"Rain, Partially cloudy"
18-03-2023,29,22,25.5,32.7,22,26.6,22.4,83.5,0.507,100,8.33,16.9,16.6,136.6,1010.5,82.6,1.8,"Rain, Partially cloudy"
19-03-2023,27,21,22.8,29.2,21,22.9,20.6,87.2,4.199,100,16.67,30.6,16.6,134.1,1009,87.1,2.6,"Rain, Partially cloudy"
20-03-2023,28,21.1,24.1,29.7,21.1,24.5,20.4,80.3,4.002,100,8.33,35.6,22.3,170.1,1007.8,60.8,3.2,"Rain, Partially cloudy"
21-03-2023,31,20,24.4,35.5,20,25.2,20.6,80.3,9.448,100,12.5,32.8,14.8,232.4,1008.4,53.7,3.5,"Rain, Partially cloudy"
22-03-2023,31,21,25.9,35.5,21,27.1,21,75.7,0.005,100,4.17,28.8,11.2,183.2,1007.9,44.6,3.4,"Rain, Partially cloudy"
23-03-2023,32,23.6,27.1,39.1,23.6,28.7,22.3,76.5,0,0,0,21.2,11.2,168.2,1007.8,41.1,3.6,Partially cloudy
24-03-2023,33,23,28.2,37,23,30.3,22.1,71.8,0,0,0,18.4,14.8,182.3,1008.9,34.9,3.5,Partially cloudy
25-03-2023,34,26.4,29.7,40.6,26.4,34.4,24.3,74.2,0,0,0,24.1,18.4,201.2,1009.6,48.3,3.6,Partially cloudy
26-03-2023,35,25,29.1,43.5,25,32.9,23.5,72.9,0.177,100,4.17,37.1,18.4,193.6,1008,60.5,3.4,"Rain, Partially cloudy"
27-03-2023,32,24,28,39.2,24,31.4,23.7,78.3,0.876,100,8.33,19.1,13,263,1007.6,71.8,2.9,"Rain, Partially cloudy"
28-03-2023,34,25,29.5,39.4,25,33.3,23.2,70.4,0.002,100,4.17,20.5,20.5,205.2,1008.2,37.3,3.4,"Rain, Partially cloudy"
29-03-2023,34,27.6,30.1,42,31.7,35.6,24.6,73.4,0.243,100,4.17,37.1,24.1,203.7,1009.3,60.2,3.6,"Rain, Partially cloudy"
30-03-2023,34,24.1,29.2,40.6,24.1,33,23.7,73.2,7.632,100,8.33,40.7,24.1,187.8,1008,58,3.4,"Rain, Partially cloudy"
31-03-2023,29,23.7,26.4,33.6,23.7,27.7,21.8,76.2,0.081,100,4.17,31.3,18.4,127,1008.5,81.2,3,"Rain, Partially cloudy"
01-04-2023,27,22,24.6,28.8,22,24.8,21.3,82.2,12.364,100,16.67,33.5,11.2,74.7,1008.4,77.1,3.2,"Rain, Partially cloudy"
02-04-2023,33,21,27.1,34,21,28.1,19.8,67.2,0.146,100,8.33,29.2,14.8,237.2,1006.6,37,3.6,"Rain, Partially cloudy"
03-04-2023,35,24.7,29.7,35.7,24.7,31,20.3,60.6,0,0,0,22.7,14.8,238,1006.6,24.1,3.7,Partially cloudy
04-04-2023,34,26,29.9,43.5,26,35.3,24.5,73.9,0,0,0,31.3,27.7,195,1006.9,47,3.8,Partially cloudy
05-04-2023,35,27.1,30.7,37.9,29.5,33.8,21.6,61.2,0.124,100,4.17,31,22.3,233.3,1006.5,20.4,3.7,"Rain, Partially cloudy"
06-04-2023,36.2,27,31.4,35.8,29.2,32.7,18.6,50.2,0,0,0,23,9.4,306.3,1009.3,32.2,3.5,Partially cloudy
07-04-2023,37,27,31.8,39.8,30.6,34.9,21.1,56.5,0,0,0,19.1,16.6,258.2,1010.8,26.6,3.4,Partially cloudy
08-04-2023,37,27,31.9,38.9,29.6,34.8,20.8,53.9,0,0,0,19.4,18.4,263.3,1012.1,30.8,3.7,Partially cloudy
09-04-2023,37,27.8,32.3,38.6,30.4,34.6,19.9,50.4,0,0,0,18,13,313,1011.4,24.2,3.8,Partially cloudy
10-04-2023,37,28.1,32.6,43.2,31.6,37.6,23.2,59.1,0,0,0,22.3,13,265.8,1009.4,25,3.6,Partially cloudy
11-04-2023,39,28,33.3,40.6,31.9,36.9,20.6,52.6,0,0,0,21.6,11.2,241.2,1009,22.1,3.4,Partially cloudy
12-04-2023,39,28,33,41.9,31.4,35.3,18.7,49.2,0,0,0,28.8,18.4,265.8,1008,8.8,3.7,Clear
13-04-2023,40,27.7,34.1,40.9,29.5,35,17.3,38.9,0,0,0,25.2,14.8,254.7,1007.2,2.2,3.9,Clear
14-04-2023,41,28.7,34.8,43.6,31.2,37.4,19.5,43,0,0,0,21.2,14.8,236.6,1006.6,9.3,3.6,Clear
15-04-2023,39.1,28,34,50,32.7,43.2,25.8,63.8,0,0,0,19.8,9.4,154.5,1006.1,31,3.1,Partially cloudy
16-04-2023,41,30,34.8,46.3,38,42.6,24.2,59,0,0,0,23.4,18.4,174.6,1005.1,45.1,3.2,Partially cloudy
17-04-2023,41,30.2,34.4,50.2,38.8,42.5,24.9,61.4,0,0,0,27,22.3,194.8,1005.7,20.3,3.6,Partially cloudy
18-04-2023,39,29,33,53.9,36.8,44.6,27.5,74.2,0,0,0,26.3,22.3,170,1006.4,26.1,3,Partially cloudy
19-04-2023,42,29.8,33.9,51,38.7,42.8,25.3,66.7,0,0,0,40.7,24.1,196.3,1003.1,42.3,3.4,Partially cloudy
20-04-2023,42,29,33.9,51.7,35.6,42.4,25.1,65.4,0,0,0,40.7,25.9,182.4,1000.7,40.7,3.5,Partially cloudy
21-04-2023,38,29.4,32.9,42.4,30.2,36.9,20.9,53.2,0.001,100,4.17,43.2,18.4,257.2,1002.3,62.4,4.3,"Rain, Partially cloudy"
22-04-2023,37,26.8,31.6,39.3,27.6,33,18.6,46.9,0,0,0,31.3,25.9,258.3,1003.9,48.6,3.6,Partially cloudy
23-04-2023,34,25,29.1,35.8,25,30.5,19.7,58,0.922,100,8.33,40.7,24.1,220,1006.7,73.3,3.7,"Rain, Partially cloudy"
24-04-2023,32,22,26.4,36.5,22,27.5,21.7,76.3,6.46,100,8.33,40.7,22.3,86.8,1010.1,51.1,3.2,"Rain, Partially cloudy"
25-04-2023,33,23.6,28.6,38.1,23.6,31.6,22.5,70.5,0,0,0,22,11.2,341.3,1009.8,46.9,3.7,Partially cloudy
26-04-2023,35,26.7,30.9,41.9,29.6,35.4,23.2,65.2,0,0,0,24.1,18.4,163.2,1007.7,42.3,3.4,Partially cloudy
27-04-2023,36.4,23,29.1,44.9,23,33.4,23.8,74.8,32.146,100,8.33,46.4,31.7,188.9,1007.8,47.7,3.4,"Rain, Partially cloudy"
28-04-2023,35,24.2,29.4,42,24.2,33.3,23.7,72.7,0.024,100,4.17,27,14.8,222.8,1008.3,55.5,3.5,"Rain, Partially cloudy"
29-04-2023,37,26,29.6,43.3,26,33.8,23.7,72.2,1.804,100,8.33,46.4,27.7,160.8,1007.3,46.1,3.5,"Rain, Partially cloudy"
30-04-2023,34.4,23,26.7,42.7,23,28.7,22.7,79.7,28.562,100,16.67,46.4,27.7,80,1006.7,66.1,3.1,"Rain, Partially cloudy"
01-05-2023,31,23,26.3,35.5,23,27.5,21.8,77.1,0,0,0,37.1,18.4,320.2,1008.2,75.8,3.6,Partially cloudy
02-05-2023,35,23.9,29.6,38.5,23.9,31.8,21.4,63.8,0,0,0,31,24.1,202.8,1008.5,52.3,3.8,Partially cloudy
03-05-2023,34,26,29.1,43.5,26,34.1,24.6,77,1.799,100,8.33,55.4,18.4,203.8,1009,73.7,3.6,"Rain, Partially cloudy"
04-05-2023,32.4,26.6,29.2,39.2,26.6,33.6,24,73.9,0,0,0,38.2,18.4,194.6,1008.1,64.9,3.6,Partially cloudy
05-05-2023,35,24.9,30,44.9,24.9,35.1,24.3,72.3,3.31,100,16.67,25.9,18.4,226.6,1005.5,60,3.6,"Rain, Partially cloudy"
06-05-2023,36,27.7,31.7,44.7,31.4,38.3,24.7,67.5,0,0,0,19.1,14.8,210.3,1004.2,54,3.7,Partially cloudy
07-05-2023,39,29,33.1,42.4,35.4,38.6,23.4,60.1,0,0,0,21.6,16.6,227.2,1004.2,16.3,3.9,Clear
08-05-2023,39,29,33.8,45.8,35.6,40.9,24.5,60.7,0,0,0,24.1,14.8,223.1,1003.6,29.6,5,Partially cloudy
09-05-2023,38.7,30.3,33.9,45.8,38.7,41.2,24.5,60.2,0,0,0,24.1,18.4,195.1,1003.9,46.2,3.8,Partially cloudy
10-05-2023,38.5,30,33.3,49,34.9,41.2,25.1,63.9,0,0,0,29.9,25.9,190.9,1004.2,49.3,3.8,Partially cloudy
11-05-2023,38,29.7,32.8,46.3,37,40.7,25.3,66.6,0,0,0,33.5,24.1,180.4,1005.8,29.9,3.9,Partially cloudy
12-05-2023,35.2,29,31.8,44.9,35.5,40.3,26.1,72.4,0,0,0,29.5,18.4,140.4,1005.8,65.2,3.6,Partially cloudy
13-05-2023,34,28,30.6,45.3,32.7,37.6,25.3,74,0,0,0,32.8,14.8,54.1,1003.9,83.5,3.6,Partially cloudy
14-05-2023,36,26,30.8,40.8,26,34.4,22.4,62.7,0,0,0,52.2,27.7,15.9,999.7,62.7,3.7,Partially cloudy
15-05-2023,37,23,29.3,48.1,23,32.6,22.2,66.8,15.179,100,4.17,46.4,27.7,170.1,1003,41.1,4,"Rain, Partially cloudy"
16-05-2023,35,25,30.3,48.7,25,37.1,25.1,74.5,0.254,100,4.17,57.6,29.5,175.8,1004.2,49.6,3.6,"Rain, Partially cloudy"
17-05-2023,36,27,31.8,48.7,28.8,40.8,26.1,72.8,0,0,0,40.7,29.5,168.2,1006.2,42.4,3.6,Partially cloudy
18-05-2023,33.1,23.6,28,42,23.6,31.9,24.1,80.1,20.471,100,4.17,47.9,22.3,144.4,1007.8,64.6,3.6,"Rain, Partially cloudy"
19-05-2023,37,26,30.4,53.9,26,37.5,25.1,73.7,0.507,100,8.33,55.4,37.1,200.5,1005.6,57.2,3.6,"Rain, Partially cloudy"
20-05-2023,36,27,31.1,48.1,29.2,38.1,25.1,71.2,0,0,0,40.7,27.7,185,1005.1,46.5,4.1,Partially cloudy
21-05-2023,36,29,32.1,48.7,36.8,42.9,27.5,77.7,0,0,0,41.8,33.5,177.4,1005.7,52.2,3.6,Partially cloudy
22-05-2023,37,26,31.6,46.7,26,38.9,25.2,70.2,0,0,0,46.4,31.7,165.4,1006.4,42.1,4,Partially cloudy
23-05-2023,38,23,30.9,49,23,38,25.2,74,3.632,100,8.33,55.4,30.4,151.8,1006,64.5,3.6,"Rain, Partially cloudy"
24-05-2023,33.1,24,28.3,45.8,24,33,24.5,80,0,0,0,41.4,18.4,76.7,1005.3,61.7,3.7,Partially cloudy
25-05-2023,37,23.5,29.8,44.7,23.5,34.7,24.5,75.6,17.069,100,8.33,64.8,37.1,174,1005.2,56.9,3.3,"Rain, Partially cloudy"
26-05-2023,34,23,27.5,43.5,23,30.8,23.3,78.5,19.684,100,12.5,46.4,27.7,169.1,1006.4,75.1,3.7,"Rain, Partially cloudy"
27-05-2023,33.1,24,28.7,45.8,24,34.7,25.3,82.5,0.243,100,4.17,31.3,27.7,337.6,1005.4,49.8,3.5,"Rain, Partially cloudy"
28-05-2023,35,26,30.8,44.9,26,36.9,25,72.1,0,0,0,21.2,14.8,96.3,1006.3,42.7,3.7,Partially cloudy
29-05-2023,36.6,27.5,32.3,44.7,31,38.9,24.6,64.9,0,0,0,19.1,13,69.8,1007.1,26.1,3.7,Partially cloudy
30-05-2023,37.1,29.8,32.9,46.7,37.7,41.5,25.8,67.4,0,0,0,21.2,20.5,200.4,1006.2,33.9,3.8,Partially cloudy
31-05-2023,38,30,33.1,47.9,38.8,42.8,26.4,69.3,0,0,0,25.6,16.6,183,1004.3,45.2,3.9,Partially cloudy
01-06-2023,39,29.3,33.9,48.3,34.1,42.9,25.7,64.2,0,0,0,25.2,18.4,198.7,1003.1,39.5,3.7,Partially cloudy
02-06-2023,39.2,30,33.6,47.2,36.1,42.2,25.3,64.9,0,0,0,37.1,25.9,205.3,1003,37.2,3.6,Partially cloudy
03-06-2023,38.4,30,33.6,51,40.4,44,26.7,69.5,0,0,0,31,25.9,195.6,1004,39.6,3.5,Partially cloudy
04-06-2023,38,30,33.3,49.5,40.4,44.5,27.3,72,0,0,0,30.6,25.9,183,1003.7,48.9,3.4,Partially cloudy
05-06-2023,39,29,33.7,47.6,38.2,43,26.1,66.8,0,0,0,28.8,24.1,177.1,1002.4,37.3,3.6,Partially cloudy
06-06-2023,38,30,33.8,50.8,38.8,44.3,26.7,67.7,0,0,0,24.1,18.4,190.9,1001.2,37.9,3.6,Partially cloudy
07-06-2023,39,31,33.7,50.3,36.8,43,26,65.5,0,0,0,21.6,14.8,186.9,1000.6,52.9,3.4,Partially cloudy
08-06-2023,35.3,30,32.6,51.3,40.4,45.5,28.2,78.4,0,0,0,29.5,18.4,169.8,1000.3,75.8,3.4,Partially cloudy
09-06-2023,36,24,29.5,50.2,24,37.3,26.1,82.4,19.209,100,8.33,46.4,27.7,155.6,999.3,85.4,3.3,"Rain, Partially cloudy"
10-06-2023,32,25,28.8,40.8,25,33.9,24.9,79.8,0,0,0,34.6,14.8,99.5,998.4,91.2,3.4,Overcast
11-06-2023,36.6,26,31.5,50.2,26,40.9,26.7,76.7,2.302,100,4.17,55.4,37.1,114.7,997.6,74.9,3.6,"Rain, Partially cloudy"
12-06-2023,35.4,27,30.2,47.3,31.2,37.1,25.6,77.3,12.344,100,8.33,28.1,24.1,145.4,998.1,77.7,3.4,"Rain, Partially cloudy"
13-06-2023,38,28,32.1,50.8,33.6,41.5,26.6,74,0,0,0,29.9,18.4,150.4,997.5,61.9,3.7,Partially cloudy
14-06-2023,38,30,33.6,49.1,36.3,44.1,26.7,69.3,0,0,0,34.6,24.1,200.8,997.9,48.3,3.7,Partially cloudy
15-06-2023,37.9,31,33.5,56.5,42.1,47.5,28.5,75.7,0,0,0,40.7,27.7,165.5,998.8,53.4,3.8,Partially cloudy
16-06-2023,38,31,33.5,52.9,42.4,47.3,28.5,75.8,42.327,100,8.33,40.7,27.7,173.5,999.3,62.6,3.8,"Rain, Partially cloudy"
17-06-2023,35.3,28,32,47.8,33.6,43.1,27.6,78.3,3.535,100,16.67,50,27.7,172.2,1001.4,71,3.7,"Rain, Partially cloudy"
18-06-2023,33,30,31.1,46.5,38.8,42.1,27.9,83.3,0,0,0,41.4,24.1,164.9,1002.1,77,3.6,Partially cloudy
19-06-2023,31,24,28.9,42.4,24,36.5,26.6,87.4,2.336,100,4.17,55.4,27.7,166.6,1002.1,85.2,3.5,"Rain, Partially cloudy"
20-06-2023,34.9,29,31.4,47.6,36.8,41.9,27.5,80.3,1.622,100,4.17,45.7,29.5,177.4,1001.5,66.3,3.6,"Rain, Partially cloudy"
21-06-2023,35,29,31.4,48.7,34.5,42.1,27.5,80.3,0.342,100,4.17,40.7,22.3,167.8,1001.9,75.3,3.6,"Rain, Partially cloudy"
22-06-2023,33,27,30.1,44.1,30.6,39.2,27.1,83.8,3.424,100,8.33,34.9,18.4,152.7,1002.3,76.6,3.5,"Rain, Partially cloudy"
23-06-2023,34,27,29.9,43.8,30.5,37.5,26.5,82.6,5.007,100,8.33,20.9,16.6,78.9,1001,74.9,4,"Rain, Partially cloudy"
24-06-2023,32,27,29.2,42.3,31.2,36.5,26.5,85.4,8.277,100,20.83,21.2,16.6,109.3,999.7,86,3.5,"Rain, Partially cloudy"
25-06-2023,32,27,28.5,42.3,30.6,35.4,26.8,90.4,26.396,100,25,38.5,25.9,110.5,999.6,81.9,3.3,"Rain, Partially cloudy"
26-06-2023,31,26.4,27.7,40.6,26.4,32.5,26.1,91.1,16.102,100,16.67,28.8,18.4,141,1000.6,87.7,3.4,"Rain, Partially cloudy"
27-06-2023,30,26,27.6,37.4,26,31.9,25.8,90.5,17.234,100,29.17,29.5,20.5,139.1,1001,91.4,3.7,"Rain, Overcast"
28-06-2023,28,25.9,26.7,33.6,25.9,29.1,25.5,92.8,40.904,100,33.33,43.2,27.7,161.7,1003.5,94.6,3.1,"Rain, Overcast"
29-06-2023,31,26.9,28.4,42.4,30.5,35.1,26.6,90.2,12.181,100,8.33,39.6,16.6,154.8,1003.7,87.8,3.5,"Rain, Partially cloudy"
30-06-2023,34,27,30,47.3,30.1,38.8,27,84.6,5.274,100,4.17,35.6,25.9,180.8,1002.8,81.4,3.6,"Rain, Partially cloudy"
01-07-2023,34,27,30.3,45.8,30.6,39.2,27,83.3,1.342,100,4.17,34.2,31.7,177.9,1002.9,80.8,3.8,"Rain, Partially cloudy"
02-07-2023,35,29,31.7,47.4,36.8,42.3,27.4,78.7,0,0,0,31,22.3,180.1,1002.2,68.3,3.7,Partially cloudy
03-07-2023,35.1,27,31.1,48.7,31.2,41.8,27.7,82.7,2.303,100,12.5,30.6,22.3,180.1,1002.3,64.5,3.8,"Rain, Partially cloudy"
04-07-2023,35,28,31.5,46.7,34.5,41.3,27.1,78,0,0,0,27.7,20.5,150.9,1001.5,50.7,4,Partially cloudy
05-07-2023,34,28,30.3,47.3,34.5,39.2,27.1,83.7,14.342,100,16.67,28.4,16.6,94.2,999.9,64.9,3.8,"Rain, Partially cloudy"
06-07-2023,32,27,28.7,42.3,30.6,35.7,26.7,89.2,10.018,100,12.5,35.6,18.4,140.7,1001.4,80.4,3.4,"Rain, Partially cloudy"
07-07-2023,32,28,29.3,42.4,33.6,37.3,27,87.5,8.809,100,12.5,37.4,20.5,145.7,1003.4,78.1,3.7,"Rain, Partially cloudy"
08-07-2023,33,26.7,29.9,43.8,26.7,37.8,26.7,83.7,16.438,100,12.5,28.1,16.6,160.8,1004.3,66.9,3.8,"Rain, Partially cloudy"
09-07-2023,34,28,31.1,45.3,33.6,40.2,26.7,78,0,0,0,27.7,14.8,178.1,1003.7,55.2,4,Partially cloudy
10-07-2023,34,29,31,44.1,36.8,40.9,27.3,81.4,0,0,0,28.8,22.3,180.5,1003.3,70.7,3.8,Partially cloudy
11-07-2023,33.3,29,30.5,45.8,35.6,39.5,26.9,81.2,0.006,100,8.33,37.1,22.3,165.4,1003.3,81.3,3.9,"Rain, Partially cloudy"
12-07-2023,34,28,30.1,45.3,32.7,38,26.4,81.2,0.416,100,4.17,34.6,18.4,163.4,1003.6,72,3.9,"Rain, Partially cloudy"
13-07-2023,33.5,28,30.5,42.5,33.4,38.3,26.2,78.6,0.036,100,4.17,27.7,18.4,153.2,1003.3,62.6,4.2,"Rain, Partially cloudy"
14-07-2023,33,28,30.5,44.1,33.6,39.8,27.1,82.1,0.241,100,8.33,28.4,18.4,163,1002.8,73.4,3.8,"Rain, Partially cloudy"
15-07-2023,33,26,28.9,43.8,26,35.5,26.3,86.3,1.982,100,8.33,28.1,24.1,100.4,1001,80.9,3.6,"Rain, Partially cloudy"
16-07-2023,32,27,28.8,42.3,30.1,35.5,26.5,87.6,19.887,100,12.5,31.7,18.4,156.7,999.8,82.1,3.4,"Rain, Partially cloudy"
17-07-2023,30.5,27,28.6,40.4,31.2,35.6,26.7,89.6,8.805,100,8.33,36,22.3,127.4,999.6,75.5,3.6,"Rain, Partially cloudy"
18-07-2023,33,27,29.4,43.8,31.8,37.3,26.8,86.2,2.294,100,16.67,43.6,16.6,94.5,999.1,61.8,3.7,"Rain, Partially cloudy"
19-07-2023,33,28,29.7,44.1,32.7,38,26.8,84.8,6.261,100,16.67,40,16.6,95.9,998.3,64.1,3.9,"Rain, Partially cloudy"
20-07-2023,34,28,30.3,45.8,33.6,38.8,26.7,81.4,0.933,100,12.5,43.2,22.3,100,998.4,60.5,3.7,"Rain, Partially cloudy"
21-07-2023,32.6,28,29.1,42.8,33.6,36.9,27,88.8,4.407,100,16.67,41,18.4,96.6,1001.5,80.2,3.7,"Rain, Partially cloudy"
22-07-2023,31,28,28.7,40.6,33.6,35.7,26.8,89.8,7.091,100,8.33,41.8,18.4,97.8,1004.6,71,3.6,"Rain, Partially cloudy"
23-07-2023,32.7,27,29.7,44.1,30.1,37.6,26.7,84.2,3.314,100,12.5,40.3,16.6,124.4,1004.8,75.8,3.6,"Rain, Partially cloudy"
24-07-2023,33,27,29.4,43.8,31.8,37.1,26.7,85.9,0.995,100,8.33,34.9,20.5,111.6,1003.1,62,3.7,"Rain, Partially cloudy"
25-07-2023,33,27,28.8,43.8,31.2,35.5,26.6,88.5,15.957,100,8.33,47.2,16.6,85.8,1002.6,64,3.7,"Rain, Partially cloudy"
26-07-2023,31,27,28.6,40.6,31.2,35.5,26.6,88.9,14.12,100,16.67,42.8,14.8,96.4,1002.7,72,3.5,"Rain, Partially cloudy"
27-07-2023,33,27.7,29.8,45.8,33.3,37.8,26.7,84,2.505,100,12.5,42.5,22.3,141.5,1001.9,64.4,3.7,"Rain, Partially cloudy"
28-07-2023,33,27,29.4,43.8,31.2,37.4,27,87.4,6.136,100,12.5,38.9,24.1,141.5,999.2,73.6,3.7,"Rain, Partially cloudy"
29-07-2023,32,28,29.3,44.1,34.5,38,27.4,89.4,2.281,100,12.5,24.8,14.8,102.9,998.2,72.3,4,"Rain, Partially cloudy"
30-07-2023,34,28,30.9,47.3,34.5,41.1,27.5,83.1,0.007,100,4.17,23,14.8,69.8,997.4,64.8,4,"Rain, Partially cloudy"
31-07-2023,36,28,30.9,48.7,34.5,41,27.5,82.9,8.964,100,8.33,23,13,318.5,996.7,84.5,3.8,"Rain, Partially cloudy"
01-08-2023,34,27,28.9,49.5,30.6,36.1,26.5,87.3,37.473,100,20.83,46.4,25.9,345.3,992.8,89.8,3.3,"Rain, Partially cloudy"
02-08-2023,30,26.9,28.1,37.4,30.6,33.5,25.8,87.5,58.029,100,16.67,51.1,27.7,153.7,993.1,93.2,3.4,"Rain, Overcast"
03-08-2023,34,27,29.7,43.8,30.6,37.4,26.5,83.4,1.622,100,4.17,40.7,27.7,176.6,998.2,74.5,3.6,"Rain, Partially cloudy"
04-08-2023,33,29,30.5,42.1,35.6,38.5,26.3,78.9,0,0,0,36.4,22.3,191.5,1001.8,77.5,3.9,Partially cloudy
05-08-2023,32,28.9,29.7,42.3,34.5,36.8,26,80.9,0.356,100,8.33,40.3,22.3,207.2,1003,88.8,3.5,"Rain, Partially cloudy"
06-08-2023,29,27,28.2,36.8,30.6,34.3,26.2,88.6,14.798,100,16.67,40,22.3,216.9,1000.8,93.6,3.2,"Rain, Overcast"
07-08-2023,29,26,27.9,36.8,26,33.3,26.3,91.1,13.121,100,16.67,33.5,14.8,237.5,998.4,97.1,2.8,"Rain, Overcast"
08-08-2023,31,26,28.2,39.1,26,33.3,25.8,87.2,4.275,100,12.5,28.8,16.6,247.7,1000.4,93.7,3.5,"Rain, Overcast"
09-08-2023,33,26.9,29.8,43.7,30.6,37.3,26.4,82.5,0.083,100,8.33,21.2,13,253,1003.3,87,3.4,"Rain, Partially cloudy"
10-08-2023,32,27.3,29.4,40.6,31.7,36.6,26.2,83.2,12.531,100,16.67,24.5,14.8,219.1,1004.6,87.9,3.1,"Rain, Partially cloudy"
11-08-2023,33,26,29.5,43.8,26,36.4,26.2,82.7,39.975,100,8.33,26.3,18.4,219.7,1003.9,87.8,3.2,"Rain, Partially cloudy"
12-08-2023,32,26,28.6,44.1,26,34.9,26.3,87.9,5.25,100,16.67,24.1,25.9,226,1002.7,96,2.9,"Rain, Overcast"
13-08-2023,31,26.9,28.4,39.1,30.1,34.2,26,87.5,0.757,100,16.67,24.1,14.8,220.7,1003.4,92.7,3,"Rain, Overcast"
14-08-2023,33,27,29.7,43.7,30.6,36.9,26.2,82.3,0,0,0,22.3,14.8,221.4,1004.2,86.8,3.4,Partially cloudy
15-08-2023,33,28,29.9,45.8,33.6,38.5,27,84.5,19.537,100,8.33,21.2,20.5,198.7,1003.8,73.3,3.2,"Rain, Partially cloudy"
16-08-2023,34,26,29.3,47.3,26,36.8,26.7,86.2,5.969,100,12.5,19.1,16.6,261.1,1003.1,71.9,3.1,"Rain, Partially cloudy"
17-08-2023,33,26,28.7,45.8,26,35.8,27,90.3,9.432,100,12.5,29.2,14.8,38.4,1002.2,87.3,3.1,"Rain, Partially cloudy"
18-08-2023,31,27,28.9,42.4,30.6,35.9,26.6,87.8,0.471,100,4.17,47.5,20.5,86.2,1001.3,80.2,3.6,"Rain, Partially cloudy"
19-08-2023,32,27.7,29.4,42.3,33.2,37,26.7,85.9,1.167,100,8.33,40.7,20.5,141.1,1003.3,73.1,3.9,"Rain, Partially cloudy"
20-08-2023,34,28,30.5,43.5,32.7,38.2,26.1,78.1,0,0,0,35.3,18.4,162.1,1004.7,51.7,4,Partially cloudy
21-08-2023,34,28,30.6,45.3,33.6,39.5,26.8,80.9,0,0,0,34.2,22.3,172.5,1003.9,61.8,3.8,Partially cloudy
22-08-2023,32.2,28,30.3,44.1,34.5,39.5,27.1,83.2,0,0,0,28.8,24.1,171,1003.5,82,3.8,Partially cloudy
23-08-2023,33.1,27,29.2,45.8,31.2,37.1,26.9,87.6,3.934,100,16.67,31.3,14.8,163.8,1002.3,86.5,3.2,"Rain, Partially cloudy"
24-08-2023,32,26,29,42.3,26,35.3,26.1,84.3,1.018,100,12.5,28.8,14.8,226.9,1000.4,90.9,3.4,"Rain, Overcast"
25-08-2023,28.6,26,26.7,35.2,26,29.1,25.5,93.3,68.342,100,20.83,25.9,14.8,232.3,1001.1,98.4,2.4,"Rain, Overcast"
26-08-2023,31,26,28.3,40.6,26,34,26.1,88.3,0.169,100,8.33,29.9,14.8,215.2,1001.8,93.9,3.2,"Rain, Overcast"
27-08-2023,34,27.5,30.9,43.9,32.6,39.1,26.3,76.9,0,0,0,26.3,14.8,243.8,1001.4,67.8,3.7,Partially cloudy
28-08-2023,34,29.7,31.7,42.1,38.2,40.3,26.2,73.5,0,0,0,24.8,18.4,281.8,1001.8,61.9,3.4,Partially cloudy
29-08-2023,34.1,27,30.6,44,30.6,38.4,26.1,77.8,15.921,100,4.17,20.2,11.2,336.3,1002.8,63.3,4.2,"Rain, Partially cloudy"
30-08-2023,35,28,31.5,45.3,33.6,40.2,26.5,75.7,0,0,0,18.4,13,6.2,1003.9,73.2,3.3,Partially cloudy
31-08-2023,36,28,30.9,46.3,33.6,40.5,27.2,81.6,51.167,100,8.33,20.5,13,193,1004.8,69.9,3.1,"Rain, Partially cloudy"
01-09-2023,35,28.8,31.1,47.3,36.8,41.5,27.6,82.3,0,0,0,23,13,183.1,1004.6,69.1,4,Partially cloudy
02-09-2023,35,26,29.7,51,26,38.6,27.2,87.2,21.845,100,4.17,22,22.3,194,1003.1,85.2,3,"Rain, Partially cloudy"
03-09-2023,33.1,27,29.9,43.8,31.2,37.3,26.4,82.2,0,0,0,28.1,13,117,1001.5,83,3.2,Partially cloudy
04-09-2023,31,25,27.9,42.4,25,33.3,26.2,90.4,48.242,100,20.83,37.1,18.4,101.7,1000.8,88.9,4.1,"Rain, Partially cloudy"
05-09-2023,32,25,28.7,42.3,25,35.1,26.5,88.2,7.311,100,12.5,42.8,14.8,91,1001.5,81.9,3.4,"Rain, Partially cloudy"
06-09-2023,32.1,27,29.5,42.3,30.6,37,26.6,84.7,2.287,100,8.33,40,18.4,96.8,1002.2,74.3,3.9,"Rain, Partially cloudy"
07-09-2023,31,25,27.8,40.6,25,33.1,26.3,91.6,36.19,100,25,31.7,27.7,97.5,1002,87.8,3.4,"Rain, Partially cloudy"
08-09-2023,29.3,26.7,27.6,37.8,30.2,32.9,26.4,93.5,2.77,100,16.67,34.9,27.7,145.8,1003.9,85.4,3.2,"Rain, Partially cloudy"
09-09-2023,33,27,29.6,43.8,30.6,37.3,26.6,84.8,13.062,100,8.33,31.3,25.9,160.6,1004.2,60.1,3.6,"Rain, Partially cloudy"
10-09-2023,34,28,30.5,45.3,34.5,39.2,26.9,82.1,0,0,0,29.2,14.8,173.4,1002.5,53.6,3.7,Partially cloudy
11-09-2023,34,28,30.7,45.3,34.5,39.7,26.9,81,0,0,0,28.1,14.8,156.7,1001.6,67.4,3.7,Partially cloudy
12-09-2023,33,27,29.2,43.8,30.6,36.6,26.6,86.3,40.637,100,8.33,27.4,22.3,65.8,1001.6,75,3.2,"Rain, Partially cloudy"
13-09-2023,32,27,29,42.3,30.6,35.7,26.1,84.9,2.789,100,8.33,41,18.4,72.9,1000.4,76.7,3.5,"Rain, Partially cloudy"
14-09-2023,29,26,27.6,36.8,26,32.5,26.1,91.6,39.063,100,29.17,52.2,18.4,90.2,1001,92.1,3,"Rain, Overcast"
15-09-2023,31,26,28.2,40.6,26,34.3,26.5,90.4,11.26,100,16.67,36.7,14.8,115.6,1004.2,84.3,3.1,"Rain, Partially cloudy"
16-09-2023,34,28,30.4,45.3,34.5,39.7,27.3,83.9,0.024,100,4.17,26.6,14.8,122.7,1004.5,61.5,3.7,"Rain, Partially cloudy"
17-09-2023,34,28,31.2,47.3,33.6,40.3,26.7,78.2,0,0,0,22.3,14.8,127.8,1003.1,43.1,3.7,Partially cloudy
18-09-2023,31.3,27.1,29.5,40.6,31.5,37.4,26.7,85.3,17.271,100,12.5,27,11.2,116.9,1002.8,75.1,3.5,"Rain, Partially cloudy"
19-09-2023,32,26,28.2,42.3,26,33.4,25.6,86.3,0.158,100,12.5,31.7,16.6,82.1,1004,77.5,3.7,"Rain, Partially cloudy"
20-09-2023,29,27,27.6,35.6,30.5,32.5,25.7,89.3,10.212,100,20.83,33.8,14.8,93.8,1003.5,91.5,3.2,"Rain, Overcast"
21-09-2023,29,26,27.5,36.8,26,32.6,26.3,93,21.471,100,20.83,41.4,16.6,143.2,1005,92.1,3.4,"Rain, Overcast"
22-09-2023,30,26,27.7,38.8,26,33,26.3,92.2,17.243,100,20.83,42.5,22.3,156.9,1006,84.5,3,"Rain, Partially cloudy"
23-09-2023,30,26,27.9,38.8,26,33.2,26.5,92.5,17.87,100,16.67,38.9,25.9,168.9,1006.5,85.8,2.9,"Rain, Partially cloudy"
24-09-2023,31,26,27.9,42.4,26,33.2,26.2,90.5,25.629,100,12.5,34.9,16.6,156.9,1005.5,86.5,3.3,"Rain, Partially cloudy"
25-09-2023,33,26.3,28.8,43.8,26.3,35.3,26.3,86.5,14.467,100,12.5,28.1,13,165.5,1005.6,80.9,3.4,"Rain, Partially cloudy"
26-09-2023,34,27,30.3,43.5,31.2,38.1,26.5,80.9,0,0,0,24.5,13,172.5,1006,50.8,3.8,Partially cloudy
27-09-2023,35,28,30.8,46.7,33.6,39.7,26.8,79.6,0,0,0,16.6,9.4,163,1005.4,53,3.9,Partially cloudy
28-09-2023,34,28,31.2,45.3,34.5,40.9,27.1,79.6,0.036,100,4.17,19.1,11.2,317.7,1004.6,49.9,3.6,"Rain, Partially cloudy"
29-09-2023,32,26.9,28.8,44.1,30.1,36,26.4,87,1.495,100,8.33,37.1,14.8,334.1,1003.9,82.2,2.7,"Rain, Partially cloudy"
30-09-2023,29,26,27.1,36.8,26,30.7,25.6,91.5,54.407,100,25,47.5,22.3,67.1,1001.8,93.7,3,"Rain, Overcast"
01-10-2023,31,26,28,39.1,26,33.3,26,89.1,21.52,100,12.5,39.2,22.3,132.3,1002.1,81.6,3.3,"Rain, Partially cloudy"
02-10-2023,30,26,27.4,38.8,26,31.9,26,92.3,23.785,100,20.83,30.6,14.8,136.7,1003.6,90.3,2.9,"Rain, Overcast"
03-10-2023,29,26,26.9,36.8,26,29.9,25.5,92.1,11.51,100,12.5,31.7,18.4,122.4,1004.7,84.8,3.2,"Rain, Partially cloudy"
04-10-2023,28.1,26,26.9,34.5,26,30,25.7,93.3,61.467,100,25,34.2,20.5,136.7,1004.1,98.7,3.1,"Rain, Overcast"
05-10-2023,31,26.9,28.4,40.6,31.1,34.7,26.4,89.3,2.88,100,12.5,34.6,18.4,190,1003.1,95.4,2.8,"Rain, Overcast"
06-10-2023,32,27,29.2,40.6,31.2,36.1,26.2,84.3,0.816,100,8.33,26.3,14.8,260,1004.2,80.2,3.5,"Rain, Partially cloudy"
07-10-2023,33,27,29.1,42.1,30.6,35.3,25.8,82.8,0,0,0,20.5,13,301.9,1006.2,47.7,3.5,Partially cloudy
08-10-2023,35,27,30.3,45.3,31.1,37.6,26.1,79.5,0,0,0,18,13,201.4,1007.7,43.6,3.5,Partially cloudy
09-10-2023,35,28,31.2,44.1,34.5,39,25.9,74.6,0,0,0,18.7,16.6,260.8,1008.6,50.8,3.3,Partially cloudy
10-10-2023,35,28.7,31.4,41.9,34.5,38.6,25.3,71.3,0,0,0,18,16.6,276,1009,34.2,3.4,Partially cloudy
11-10-2023,35,28,31.4,41.9,33.6,38,25,70.3,0,0,0,20.9,13,341,1009.1,37.5,3.5,Partially cloudy
12-10-2023,34,28,30.8,42,32.7,36.9,24.8,71.2,0,0,0,15.5,7.6,110,1010.9,36.2,3.3,Partially cloudy
13-10-2023,34,26.8,30.2,39.4,28.7,34.2,23.1,68.3,0,0,0,18,14.8,301.1,1012,28.2,3.5,Partially cloudy
14-10-2023,34,26,29.9,39.4,26,34,23.6,70,0,0,0,20.9,14.8,252.9,1011.2,32,3.5,Partially cloudy
15-10-2023,34,26.1,29.5,36.5,26.1,32.7,22.6,68.3,0,0,0,21.2,18.4,334.5,1009.9,27,3.6,Partially cloudy
16-10-2023,33,25,29.2,37,25,32.2,22.9,70,0,0,0,16.9,18.4,12.2,1010.7,29.6,3.2,Partially cloudy
17-10-2023,32,26,28.9,37.1,26,32.5,23.6,73.9,0,0,0,16.6,9.4,16.2,1011.6,32.3,3,Partially cloudy
18-10-2023,32,25.8,28.8,39.2,25.8,32.5,24,76.4,0,0,0,20.9,14.8,353.4,1012.2,32.2,3.9,Partially cloudy
19-10-2023,32,25,28.2,36.8,25,30.4,22.5,72.3,0,0,0,24.5,14.8,355.8,1012.9,26.1,3.6,Partially cloudy
20-10-2023,32,24,27.7,35.8,24,29.3,21.5,70,0,0,0,24.8,16.6,350.9,1013.4,16.7,3.7,Clear
21-10-2023,32,23,27.4,34.9,23,29,21.3,70.6,0,0,0,25.6,16.6,356.2,1013.5,13,3.6,Clear
22-10-2023,31.1,24,27.6,35.5,24,30,22.7,75,0,0,0,24.5,14.8,9.5,1013.3,66.8,3.6,Partially cloudy
23-10-2023,31.1,24,26.5,36.6,24,27.6,23.6,84.7,5.376,100,12.5,37.1,18.4,42.2,1011.8,73.6,3.3,"Rain, Partially cloudy"
24-10-2023,30,24,26.6,35.1,24,28.6,23.6,84,6.593,100,8.33,37.4,16.6,21.1,1009.9,77.2,3.5,"Rain, Partially cloudy"
25-10-2023,31,24,27.6,36.5,24,30.3,23.7,80.1,0,0,0,24.1,18.4,331.1,1011.6,42.1,3.6,Partially cloudy
26-10-2023,31.2,24.9,27.9,35.5,24.9,30.2,23.2,76.9,0,0,0,19.4,13,329.8,1012.5,28.3,3.4,Partially cloudy
27-10-2023,30,25,27.2,34.1,25,28.9,22.9,77.8,0,0,0,21.2,9.4,28.6,1012.2,56.8,3.1,Partially cloudy
28-10-2023,30,23.4,26.8,33.3,23.4,28,21.8,74.8,0,0,0,18,13,0.4,1012.8,37.9,3.8,Partially cloudy
29-10-2023,31,22.3,26.4,32.4,22.3,27.1,20.2,70.4,0,0,0,22.3,9.4,356.3,1012.6,34,3.1,Partially cloudy
30-10-2023,31,23,26.6,32.4,23,27.4,20.7,71.6,0,0,0,20.9,11.2,6.5,1013,24.3,3.3,Partially cloudy
31-10-2023,32,23,27.7,34.9,23,29.3,21.6,70.8,0,0,0,20.2,9.4,23.7,1013.9,24.2,3.3,Partially cloudy
01-11-2023,33,24,28.2,37,24,30.5,22.3,71.5,2.656,100,4.17,18.4,9.4,358,1014.3,30.1,3.6,"Rain, Partially cloudy"
02-11-2023,32.5,24,28.3,36.1,24,30.5,22.2,70.7,0,0,0,17.6,13,13.6,1013.1,28.7,3.3,Partially cloudy
03-11-2023,33,25,28.5,37,25,30.9,22.6,71.7,0.367,100,8.33,18.4,9.4,345.7,1011.2,47.1,3.1,"Rain, Partially cloudy"
04-11-2023,32,24,27.2,36.8,24,28.9,22.3,75.1,0,0,0,20.5,14.8,327.7,1011.3,58.1,3.2,Partially cloudy
05-11-2023,31,24,27.3,35.6,24,29.3,22.6,76.4,0,0,0,18.7,14.8,21.7,1013.2,49.3,3,Partially cloudy
06-11-2023,31,24,26.9,31.9,24,27.3,19.6,66,0,0,0,25.6,18.4,345.7,1014.2,27.9,3.4,Partially cloudy
07-11-2023,30,21.8,25.9,31.4,21.8,26.3,19.6,69.7,0,0,0,23.8,13,342.9,1013.4,26.7,2.9,Partially cloudy
08-11-2023,31,22,25.9,31,22,26.2,18.7,66.2,0,0,0,20.2,14.8,336.1,1012.9,12.1,2.7,Clear
09-11-2023,31,22,25.9,32.4,22,26.5,19.3,68.7,0,0,0,20.9,11.2,341.8,1013.3,6.7,2.6,Clear
10-11-2023,30,21,25.6,31.3,21,26.1,19.5,70.5,0,0,0,27,14.8,354.2,1014.4,5.4,2.5,Clear
11-11-2023,30,21.9,25.7,31.9,21.9,26.3,19.8,70.8,0,0,0,25.6,14.8,358.6,1014.7,6.2,2.3,Clear
12-11-2023,30,22,25.8,31.9,22,26.5,20.3,72.9,0,0,0,26.6,16.6,357.2,1015,6.1,2.6,Clear
13-11-2023,31,21,25.4,32.4,21,26,19.4,70.9,0,0,0,28.1,18.4,352,1015,2.9,3.1,Clear
14-11-2023,30,21,25.3,31.9,21,25.9,19.2,70.1,0,0,0,27.4,13,353.9,1014.7,32.8,3.3,Partially cloudy
15-11-2023,30,21,25.6,31.3,21,26.2,19,68,0,0,0,24.5,11.2,11.4,1014.7,54.1,3.4,Partially cloudy
16-11-2023,26.3,23,24.5,26.3,23,24.5,20.5,78.4,0.04,100,8.33,30.2,14.8,32.5,1014.9,80.5,3.1,"Rain, Partially cloudy"
17-11-2023,27,23,24.6,29.2,23,24.9,21.5,83.1,0,0,0,46.4,27.7,26,1012.3,79.7,3.5,Partially cloudy
18-11-2023,28.4,20,24.5,30.7,20,25,20.4,78.9,0,0,0,23.8,13,7.8,1014,39.7,3.9,Partially cloudy
19-11-2023,30,21,25.1,31.9,21,25.7,20,74.4,0,0,0,27,13,359.8,1014.9,34.6,3.6,Partially cloudy
20-11-2023,30,21,25.3,30.8,21,25.6,18.9,69.1,0,0,0,25.6,18.4,5.9,1014.8,39.6,3.7,Partially cloudy
21-11-2023,30,22.9,25.7,30.8,22.9,26.1,18.7,66.5,0,0,0,19.8,16.6,343.1,1013.4,49.5,3.1,Partially cloudy
22-11-2023,28.4,20,24,28.9,20,24.2,17.4,67.8,0,0,0,22.7,14.8,349.3,1013,20.8,2.6,Partially cloudy
23-11-2023,28,18,23.1,28.6,18,23.2,17.2,70.9,0,0,0,25.6,14.8,344.3,1012.8,8.4,2.6,Clear
24-11-2023,28,18,23.5,28.9,18,23.6,17.6,71,0,0,0,24.1,18.4,1.2,1013.6,19,2.7,Clear
25-11-2023,29,20,23.9,29.5,20,24.1,17.6,69.3,0,0,0,28.8,16.6,358.1,1015.1,39.6,2.9,Partially cloudy
26-11-2023,29,19,24.1,29.8,19,24.3,17.3,67.1,0,0,0,27,14.8,356.4,1015.8,22.2,3.1,Partially cloudy
27-11-2023,29,19,24,29.5,19,24.2,17.9,70.3,0,0,0,16.9,9.4,266.8,1014.5,46.5,2.9,Partially cloudy
28-11-2023,30,20.7,25.3,30,20.7,25.4,17.2,62.3,0,0,0,23,14.8,278.3,1013.1,33.3,3,Partially cloudy
29-11-2023,28,21.7,24.6,29.7,21.7,25,19.6,74.1,0,0,0,20.2,11.2,317.3,1013.7,44.3,2.6,Partially cloudy
30-11-2023,29.2,20,24.6,31.4,20,25.2,20,76.4,0,0,0,23.8,13,16.1,1014.5,22.7,2.6,Partially cloudy
01-12-2023,30,20,25,30.8,20,25.2,17.8,66.2,0,0,0,32,20.5,11.8,1014,9.4,3.5,Clear
02-12-2023,30,20,24.7,31.9,20,25.1,18.5,69.8,0,0,0,27,16.6,9.4,1014.2,33.4,2.9,Partially cloudy
03-12-2023,29,20,24.5,30,20,24.8,18.9,72.3,0,0,0,28.1,14.8,7.3,1014.5,57.1,2.5,Partially cloudy
04-12-2023,27,20,23.9,28.2,20,24,19.1,74.7,0,0,0,21.6,14.8,17.4,1013.4,81.6,2.6,Partially cloudy
05-12-2023,25.1,23,24.1,25.1,23,24.1,18.1,69.6,0.02,100,8.33,24.8,22.3,7.7,1013.2,91.2,3.2,"Rain, Overcast"
06-12-2023,26,20,23.1,26,20,23.1,18.7,76.7,0.444,100,16.67,24.8,16.6,10.2,1014.5,91.7,3,"Rain, Overcast"
07-12-2023,20.5,19,19.8,20.5,19,19.8,18.1,89.8,31.806,100,16.67,26.6,16.6,6.6,1013,96.8,2.2,"Rain, Overcast"
08-12-2023,23,19,20.8,23,19,20.8,18.7,88.2,0,0,0,23.8,14.8,327.2,1012.5,74.9,3.1,Partially cloudy
09-12-2023,26,19,21.6,26,19,21.6,17.9,80.7,0,0,0,28.4,16.6,329.8,1014,27.7,2.6,Partially cloudy
10-12-2023,26,18,21,26,18,21,15.3,71.8,0,0,0,25.6,13,310.5,1013.3,8.1,2.7,Clear
11-12-2023,25,15.5,20.1,25,15.5,20.1,13.2,66.8,0,0,0,28.8,18.4,323.6,1014.3,0,2.8,Clear
12-12-2023,25,16,20.1,25,16,20.1,14.1,69.8,0,0,0,22.7,13,334.6,1013,6.6,2.6,Clear
13-12-2023,25,15.5,20.2,25,15.5,20.2,13.1,65.9,0,0,0,21.6,11.2,325.7,1014.3,14.2,2.8,Clear
14-12-2023,25,15.8,19.7,25,15.8,19.7,12.8,66.3,0,0,0,23.4,14.8,359,1016.5,22.9,2.9,Partially cloudy
15-12-2023,24,13,18.7,24,13,18.7,12.5,68.7,0,0,0,28.8,14.8,343.3,1016.9,8,2.3,Clear
16-12-2023,24.2,14,18.9,24.2,14,18.9,12.1,66.9,0,0,0,26.6,14.8,339.7,1015.5,0,2.5,Clear
17-12-2023,24.2,14,18.7,24.2,14,18.7,11.4,65.3,0,0,0,24.8,13,332,1015.6,4.7,2.6,Clear
18-12-2023,24,14,18.6,24,14,18.6,11.8,66.6,0,0,0,24.1,14.8,342.8,1016.5,17,2.6,Clear
19-12-2023,24,14,18.6,24,14,18.6,11.4,64.1,0,0,0,24.5,11.2,329.1,1017.2,24.2,2.6,Partially cloudy
20-12-2023,24.2,15,19,24.2,15,19,12.8,68.1,0,0,0,29.2,14.8,333.9,1016.1,19.5,2.9,Clear
21-12-2023,24.1,15,19.3,24.1,15,19.3,12.9,67.1,0,0,0,24.8,13,333.4,1015.1,30.6,2.7,Partially cloudy
22-12-2023,25,16,20,25,16,20,15,73.8,0,0,0,19.8,9.4,330.3,1015.1,13,2.7,Clear
23-12-2023,26,16,20.6,26,16,20.6,16.3,77.6,0,0,0,19.4,14.8,345.5,1016.7,50.8,2.4,Partially cloudy
24-12-2023,24.8,16,20,24.8,16,20,16.8,82.5,0,0,0,23,11.2,339.5,1018,41.4,1.8,Partially cloudy
25-12-2023,24,15,19.8,24,15,19.8,15.9,79.1,0,0,0,21.6,11.2,354,1017,8.4,2.2,Clear
26-12-2023,26,16,20.8,26,16,20.8,16.2,76,0,0,0,21.2,13,340,1017.1,18.5,2.4,Clear
27-12-2023,26,17,21.2,26,17,21.2,16.4,75.3,0,0,0,22.7,11.2,338.5,1017.6,22.8,2.4,Partially cloudy
28-12-2023,26,17,20.7,26,17,20.7,16.3,77,0,0,0,22.3,11.2,355.2,1016.7,19.8,2.3,Clear
29-12-2023,25.9,17,20.9,25.9,17,20.9,16.2,75.8,0,0,0,25.6,18.4,348.9,1016.6,17.1,2.6,Clear
30-12-2023,26,17,20.9,26,17,20.9,15.5,72.9,0,0,0,28.4,18.4,341.8,1015.7,20.6,2.6,Partially cloudy
31-12-2023,24.2,15,18.8,24.2,15,18.8,14.9,78.9,0,0,0,29.5,16.6,352.3,1016,24.4,2.4,Partially cloudy
